Workbook

Sheet Seguridad
A1: Unidad Vecinal | B1: Cantidad Denuncias Delitos graves
A2: Laguna Verde | B2: 614
A3: Placilla | B3: 1218
A4: Placeres | B4: 1424
A5: Padre Demian Molokai | B5: 1837
A6: Rodelillo | B6: 2256
A7: Baron | B7: 804
A8: Reina Isabel 2 | B8: 2814
A9: Jean y Marie Thierry | B9: 996
A10: Las Cañas | B10: 482
A11: Marcelo Mena | B11: 1830
A12: Quebrada Verde | B12: 3116
A13: Cordillera | B13: 1469
... A16: Plaza Justicia | B16: 9477
A17: Total | B17: =SUBTOTAL(109,Tabla5[Cantidad Denuncias Delitos graves]) -> 29501

Sheet Costo Seguridad M5
B2: Unidad Vecinal | C2: Denuncias graves | D2: Catgoria | E2: Costo
B3: Barón | C3: 804 | D3: =IF(C3<=$K$5,$I$5,IF(C3<=$K$6,$I$6,IF(C3<=$K$7,$I$7,IF(C3<=$K$8,$I$8)))) -> Media-Segura | E3: =IF(D3=$I$5,$L$5*$K$12+$K$13*$O$5,IF(D3=$I$6,$L$6*$K$12+$K$13*$O$6,IF(D3=$I$7,$L$7*$K$12+$K$13*$O$7,IF(D3=$I$8,$L$8*$K$12+$K$13*$O$8)))) -> 1312158.1 | M3: Guardias
B4: Cordillera | C4: 1469 | D4: =IF(C4<=$K$5,$I$5,IF(C4<=$K$6,$I$6,IF(C4<=$K$7,$I$7,IF(C4<=$K$8,$I$8)))) -> Media-Segura | E4: =IF(D4=$I$5,$L$5*$K$12+$K$13*$O$5,IF(D4=$I$6,$L$6*$K$12+$K$13*$O$6,IF(D4=$I$7,$L$7*$K$12+$K$13*$O$7,IF(D4=$I$8,$L$8*$K$12+$K$13*$O$8)))) -> 1312158.1 | I4: Categoria zona | J4: Cantidad delitos | L4: Camaras | M4: Cantidad | N4: Horas | O4: Cant. Para hrs.
B5: Esperanza | C5: 417 | D5: =IF(C5<=$K$5,$I$5,IF(C5<=$K$6,$I$6,IF(C5<=$K$7,$I$7,IF(C5<=$K$8,$I$8)))) -> Segura | E5: =IF(D5=$I$5,$L$5*$K$12+$K$13*$O$5,IF(D5=$I$6,$L$6*$K$12+$K$13*$O$6,IF(D5=$I$7,$L$7*$K$12+$K$13*$O$7,IF(D5=$I$8,$L$8*$K$12+$K$13*$O$8)))) -> 754251.05 | I5: Segura | J5: 0 | K5: 800 | L5: 2 | M5: 1 | N5: 8 | O5: 1
B6: Jean y Marie Thierry | C6: 996 | D6: =IF(C6<=$K$5,$I$5,IF(C6<=$K$6,$I$6,IF(C6<=$K$7,$I$7,IF(C6<=$K$8,$I$8)))) -> Media-Segura | E6: =IF(D6=$I$5,$L$5*$K$12+$K$13*$O$5,IF(D6=$I$6,$L$6*$K$12+$K$13*$O$6,IF(D6=$I$7,$L$7*$K$12+$K$13*$O$7,IF(D6=$I$8,$L$8*$K$12+$K$13*$O$8)))) -> 1312158.1 | I6: Media-Segura | J6: 801 | K6: 1600 | L6: 2 | M6: 1 | N6: 16 | O6: 2
B7: Laguna Verde | C7: 614 | D7: =IF(C7<=$K$5,$I$5,IF(C7<=$K$6,$I$6,IF(C7<=$K$7,$I$7,IF(C7<=$K$8,$I$8)))) -> Segura | E7: =IF(D7=$I$5,$L$5*$K$12+$K$13*$O$5,IF(D7=$I$6,$L$6*$K$12+$K$13*$O$6,IF(D7=$I$7,$L$7*$K$12+$K$13*$O$7,IF(D7=$I$8,$L$8*$K$12+$K$13*$O$8)))) -> 754251.05 | I7: Media-Peligrosa | J7: 1601 | K7: 3000 | L7: 4 | M7: 2 | N7: 24 | O7: 6
B8: Las Cañas | C8: 482 | D8: =IF(C8<=$K$5,$I$5,IF(C8<=$K$6,$I$6,IF(C8<=$K$7,$I$7,IF(C8<=$K$8,$I$8)))) -> Segura | E8: =IF(D8=$I$5,$L$5*$K$12+$K$13*$O$5,IF(D8=$I$6,$L$6*$K$12+$K$13*$O$6,IF(D8=$I$7,$L$7*$K$12+$K$13*$O$7,IF(D8=$I$8,$L$8*$K$12+$K$13*$O$8)))) -> 754251.05 | I8: Peligrosa | J8: 3000 | K8: 9500 | L8: 4 | M8: 3 | N8: 24 | O8: 9
B9: Marcelo Mena | C9: 1830 | D9: =IF(C9<=$K$5,$I$5,IF(C9<=$K$6,$I$6,IF(C9<=$K$7,$I$7,IF(C9<=$K$8,$I$8)))) -> Media-Peligrosa | E9: =IF(D9=$I$5,$L$5*$K$12+$K$13*$O$5,IF(D9=$I$6,$L$6*$K$12+$K$13*$O$6,IF(D9=$I$7,$L$7*$K$12+$K$13*$O$7,IF(D9=$I$8,$L$8*$K$12+$K$13*$O$8)))) -> 3740130.1
B10: Padre Demian Molokai | C10: 1837 | D10: =IF(C10<=$K$5,$I$5,IF(C10<=$K$6,$I$6,IF(C10<=$K$7,$I$7,IF(C10<=$K$8,$I$8)))) -> Media-Peligrosa | E10: =IF(D10=$I$5,$L$5*$K$12+$K$13*$O$5,IF(D10=$I$6,$L$6*$K$12+$K$13*$O$6,IF(D10=$I$7,$L$7*$K$12+$K$13*$O$7,IF(D10=$I$8,$L$8*$K$12+$K$13*$O$8)))) -> 3740130.1 | I10: Costos asociados
B11: Placeres | C11: 1424 | D11: =IF(C11<=$K$5,$I$5,IF(C11<=$K$6,$I$6,IF(C11<=$K$7,$I$7,IF(C11<=$K$8,$I$8)))) -> Media-Segura | E11: =IF(D11=$I$5,$L$5*$K$12+$K$13*$O$5,IF(D11=$I$6,$L$6*$K$12+$K$13*$O$6,IF(D11=$I$7,$L$7*$K$12+$K$13*$O$7,IF(D11=$I$8,$L$8*$K$12+$K$13*$O$8)))) -> 1312158.1 | I11: Seguridad | J11: Cantidad/Horas | K11: Valor
B12: Placilla | C12: 1218 | D12: =IF(C12<=$K$5,$I$5,IF(C12<=$K$6,$I$6,IF(C12<=$K$7,$I$7,IF(C12<=$K$8,$I$8)))) -> Media-Segura | E12: =IF(D12=$I$5,$L$5*$K$12+$K$13*$O$5,IF(D12=$I$6,$L$6*$K$12+$K$13*$O$6,IF(D12=$I$7,$L$7*$K$12+$K$13*$O$7,IF(D12=$I$8,$L$8*$K$12+$K$13*$O$8)))) -> 1312158.1 | I12: Camaras | J12: 1 | K12: =82497.5*1.19 -> 98172.025 | M12: https://chilevigila.cl/kit_camaras_de_seguridad_cctv-hd-ahd-ip-hibrido_8CH.html
B13: Plaza Justicia | C13: 9477 | D13: =IF(C13<=$K$5,$I$5,IF(C13<=$K$6,$I$6,IF(C13<=$K$7,$I$7,IF(C13<=$K$8,$I$8)))) -> Peligrosa | E13: =IF(D13=$I$5,$L$5*$K$12+$K$13*$O$5,IF(D13=$I$6,$L$6*$K$12+$K$13*$O$6,IF(D13=$I$7,$L$7*$K$12+$K$13*$O$7,IF(D13=$I$8,$L$8*$K$12+$K$13*$O$8)))) -> 5413851.1 | I13: Guardias | J13: 8 | K13: 557907 | M13: https://cl.indeed.com/career/guardia-de-seguridad-privada/salaries?utm_source=chatgpt.com
B14: Puertas Negras | C14: 747 | D14: =IF(C14<=$K$5,$I$5,IF(C14<=$K$6,$I$6,IF(C14<=$K$7,$I$7,IF(C14<=$K$8,$I$8)))) -> Segura | E14: =IF(D14=$I$5,$L$5*$K$12+$K$13*$O$5,IF(D14=$I$6,$L$6*$K$12+$K$13*$O$6,IF(D14=$I$7,$L$7*$K$12+$K$13*$O$7,IF(D14=$I$8,$L$8*$K$12+$K$13*$O$8)))) -> 754251.05
B15: Quebrada Verde | C15: 3116 | D15: =IF(C15<=$K$5,$I$5,IF(C15<=$K$6,$I$6,IF(C15<=$K$7,$I$7,IF(C15<=$K$8,$I$8)))) -> Peligrosa | E15: =IF(D15=$I$5,$L$5*$K$12+$K$13*$O$5,IF(D15=$I$6,$L$6*$K$12+$K$13*$O$6,IF(D15=$I$7,$L$7*$K$12+$K$13*$O$7,IF(D15=$I$8,$L$8*$K$12+$K$13*$O$8)))) -> 5413851.1
B16: Reina Isabel 2 | C16: 2814 | D16: =IF(C16<=$K$5,$I$5,IF(C16<=$K$6,$I$6,IF(C16<=$K$7,$I$7,IF(C16<=$K$8,$I$8)))) -> Media-Peligrosa | E16: =IF(D16=$I$5,$L$5*$K$12+$K$13*$O$5,IF(D16=$I$6,$L$6*$K$12+$K$13*$O$6,IF(D16=$I$7,$L$7*$K$12+$K$13*$O$7,IF(D16=$I$8,$L$8*$K$12+$K$13*$O$8)))) -> 3740130.1
B17: Rodelillo | C17: 2256 | D17: =IF(C17<=$K$5,$I$5,IF(C17<=$K$6,$I$6,IF(C17<=$K$7,$I$7,IF(C17<=$K$8,$I$8)))) -> Media-Peligrosa | E17: =IF(D17=$I$5,$L$5*$K$12+$K$13*$O$5,IF(D17=$I$6,$L$6*$K$12+$K$13*$O$6,IF(D17=$I$7,$L$7*$K$12+$K$13*$O$7,IF(D17=$I$8,$L$8*$K$12+$K$13*$O$8)))) -> 3740130.1

Sheet Costo Suelo
A1: Unidad Vecinal | B1: Valor de suelo estimado ($/m²) | C1: Justificación
A2: Barón | B2: 490000 | C2: Cercano a Av. España y borde costero; alta demanda urbana.
A3: Cordillera | B3: 210000 | C3: Zona de cerro con pendiente; accesibilidad media.
A4: Esperanza | B4: 170000 | C4: Cerro con menor centralidad; baja demanda inmobiliaria.
A5: Jean y Marie Thierry | B5: 250000 | C5: Residencial, pendiente media, valor intermedio.
A6: Laguna Verde | B6: 50000 | C6: Zona periférica, semi-rural; baja accesibilidad.
A7: Las Cañas | B7: 140000 | C7: Cerro, baja centralidad y accesibilidad.
A8: Marcelo Mena | B8: 170000 | C8: Residencial con mejor conectividad; valor medio-alto.
A9: Padre Demian Molokai | B9: 210000 | C9: Residencial, pero alejado; baja demanda.
A10: Placeres | B10: 420000 | C10: Conector Viña–Valpo, pero con pendiente alta.
A11: Placilla | B11: 115000 | C11: Expansión urbana, buena accesibilidad por Ruta 68.
A12: Plaza Justicia (Plan) | B12: 1120000 | C12: Centro cívico, alta densidad y centralidad urbana.
A13: Puertas Negras | B13: 125000 | C13: Periferia, vulnerabilidad alta, baja accesibilidad.
... A16: Rodelillo | B16: 180000 | C16: Densidad media, pendientes elevadas, accesibilidad media.

Sheet Costo Proyecto
N2: 9432217 | O2: 11083371
M3: Promedio | N3: =(N2+O2)/2 -> 10257794

Sheet Costo total 1
B2: Unidad Vecinal | C2: Costo cargador 2x11 kW | D2: Valor de suelo estimado ($/5m²) | E2: Costo seguridad (CLP/mes) | F2: Total anual | G2: Total 5 años | H2: Total 10 años | J2: Duda sobre costo, consideramos costo de seguridad anual?
B3: Barón | C3: ='Costo Proyecto'!$N$3 -> 10257794 | D3: ='Costo Suelo'!B2*5 -> 2450000 | E3: ='Costo Seguridad M5'!E3 -> 1312158.1 | F3: =C3+D3+E3*12 -> 28453691 | G3: =C3+D3+E3*60 -> 91437277 | H3: =C3+D3+E3*120 -> 170166760
B4: Cordillera | C4: ='Costo Proyecto'!$N$3 -> 10257794 | D4: ='Costo Suelo'!B3*5 -> 1050000 | E4: ='Costo Seguridad M5'!E4 -> 1312158.1 | F4: =C4+D4+E4*12 -> 27053691 | G4: =C4+D4+E4*60 -> 90037277 | H4: =C4+D4+E4*120 -> 168766760
B5: Esperanza | C5: ='Costo Proyecto'!$N$3 -> 10257794 | D5: ='Costo Suelo'!B4*5 -> 850000 | E5: ='Costo Seguridad M5'!E5 -> 754251.05 | F5: =C5+D5+E5*12 -> 20158807 | G5: =C5+D5+E5*60 -> 56362857 | H5: =C5+D5+E5*120 -> 101617920
B6: Jean y Marie Thierry | C6: ='Costo Proyecto'!$N$3 -> 10257794 | D6: ='Costo Suelo'!B5*5 -> 1250000 | E6: ='Costo Seguridad M5'!E6 -> 1312158.1 | F6: =C6+D6+E6*12 -> 27253691 | G6: =C6+D6+E6*60 -> 90237277 | H6: =C6+D6+E6*120 -> 168966760
B7: Laguna Verde | C7: ='Costo Proyecto'!$N$3 -> 10257794 | D7: ='Costo Suelo'!B6*5 -> 250000 | E7: ='Costo Seguridad M5'!E7 -> 754251.05 | F7: =C7+D7+E7*12 -> 19558807 | G7: =C7+D7+E7*60 -> 55762857 | H7: =C7+D7+E7*120 -> 101017920
B8: Las Cañas | C8: ='Costo Proyecto'!$N$3 -> 10257794 | D8: ='Costo Suelo'!B7*5 -> 700000 | E8: ='Costo Seguridad M5'!E8 -> 754251.05 | F8: =C8+D8+E8*12 -> 20008807 | G8: =C8+D8+E8*60 -> 56212857 | H8: =C8+D8+E8*120 -> 101467920
B9: Marcelo Mena | C9: ='Costo Proyecto'!$N$3 -> 10257794 | D9: ='Costo Suelo'!B8*5 -> 850000 | E9: ='Costo Seguridad M5'!E9 -> 3740130.1 | F9: =C9+D9+E9*12 -> 55989355 | G9: =C9+D9+E9*60 -> 235515600 | H9: =C9+D9+E9*120 -> 459923406
B10: Padre Demian Molokai | C10: ='Costo Proyecto'!$N$3 -> 10257794 | D10: ='Costo Suelo'!B9*5 -> 1050000 | E10: ='Costo Seguridad M5'!E10 -> 3740130.1 | F10: =C10+D10+E10*12 -> 56189355 | G10: =C10+D10+E10*60 -> 235715600 | H10: =C10+D10+E10*120 -> 460123406
B11: Placeres | C11: ='Costo Proyecto'!$N$3 -> 10257794 | D11: ='Costo Suelo'!B10*5 -> 2100000 | E11: ='Costo Seguridad M5'!E11 -> 1312158.1 | F11: =C11+D11+E11*12 -> 28103691 | G11: =C11+D11+E11*60 -> 91087277 | H11: =C11+D11+E11*120 -> 169816760
B12: Placilla | C12: ='Costo Proyecto'!$N$3 -> 10257794 | D12: ='Costo Suelo'!B11*5 -> 575000 | E12: ='Costo Seguridad M5'!E12 -> 1312158.1 | F12: =C12+D12+E12*12 -> 26578691 | G12: =C12+D12+E12*60 -> 89562277 | H12: =C12+D12+E12*120 -> 168291760
B13: Plaza Justicia (Plan) | C13: ='Costo Proyecto'!$N$3 -> 10257794 | D13: ='Costo Suelo'!B12*5 -> 5600000 | E13: ='Costo Seguridad M5'!E13 -> 5413851.1 | F13: =C13+D13+E13*12 -> 80824007 | G13: =C13+D13+E13*60 -> 340688860 | H13: =C13+D13+E13*120 -> 665519926
B14: Puertas Negras | C14: ='Costo Proyecto'!$N$3 -> 10257794 | D14: ='Costo Suelo'!B13*5 -> 625000 | E14: ='Costo Seguridad M5'!E14 -> 754251.05 | F14: =C14+D14+E14*12 -> 19933807 | G14: =C14+D14+E14*60 -> 56137857 | H14: =C14+D14+E14*120 -> 101392920
... B17: Rodelillo | C17: ='Costo Proyecto'!$N$3 -> 10257794 | D17: ='Costo Suelo'!B16*5 -> 900000 | E17: ='Costo Seguridad M5'!E17 -> 3740130.1 | F17: =C17+D17+E17*12 -> 56039355 | G17: =C17+D17+E17*60 -> 235565600 | H17: =C17+D17+E17*120 -> 459973406

Sheet Valor UF
D2: Año 1 | P2: Año 2 | AB2: Año 3 | AN2: Año 4 | AZ2: Año 5 | BL2: Año 6 | BX2: Año 7 | CJ2: Año 8 | CV2: Año 9 | DH2: Año 10
B3: Meses → | C3: 0 | D3: 1 | E3: 2 | F3: 3 | G3: 4 | H3: 5 | I3: 6 | J3: 7 | K3: 8 | L3: 9 | M3: 10 | N3: 11 | O3: 12 | P3: 1 | Q3: 2 | R3: 3 | S3: 4 | T3: 5 | U3: 6 | V3: 7 | W3: 8 | X3: 9 | Y3: 10 | Z3: 11 | AA3: 12 | AB3: 1 | AC3: 2 | AD3: 3 | AE3: 4 | AF3: 5 | AG3: 6 | AH3: 7 | AI3: 8 | AJ3: 9 | AK3: 10 | AL3: 11 | AM3: 12 | AN3: 1 | AO3: 2 | AP3: 3 | AQ3: 4 | AR3: 5 | AS3: 6 | AT3: 7 | AU3: 8 | AV3: 9 | AW3: 10 | AX3: 11 | AY3: 12 | AZ3: 1 | BA3: 2 | BB3: 3 | BC3: 4 | BD3: 5 | BE3: 6 | BF3: 7 | BG3: 8 | BH3: 9 | BI3: 10 | BJ3: 11 | BK3: 12 | BL3: 1 | BM3: 2 | BN3: 3 | BO3: 4 | BP3: 5 | BQ3: 6 | BR3: 7 | BS3: 8 | BT3: 9 | BU3: 10 | BV3: 11 | BW3: 12 | BX3: 1 | BY3: 2 | BZ3: 3 | CA3: 4 | CB3: 5 | CC3: 6 | CD3: 7 | CE3: 8 | CF3: 9 | CG3: 10 | CH3: 11 | CI3: 12 | CJ3: 1 | CK3: 2 | CL3: 3 | CM3: 4 | CN3: 5 | CO3: 6 | CP3: 7 | CQ3: 8 | CR3: 9 | CS3: 10 | CT3: 11 | CU3: 12 | CV3: 1 | CW3: 2 | CX3: 3 | CY3: 4 | CZ3: 5 | DA3: 6 | DB3: 7 | DC3: 8 | DD3: 9 | DE3: 10 | DF3: 11 | DG3: 12 | DH3: 1 | DI3: 2 | DJ3: 3 | DK3: 4 | DL3: 5 | DM3: 6 | DN3: 7 | DO3: 8 | DP3: 9 | DQ3: 10 | DR3: 11 | DS3: 12
B4: Valor | C4: =C12 -> 39643.59 | D4: =+C4*(1+$C$5) -> 39793.575 | E4: =+D4*(1+$C$5) -> 39944.127 | F4: =+E4*(1+$C$5) -> 40095.249 | G4: =+F4*(1+$C$5) -> 40246.943 | H4: =+G4*(1+$C$5) -> 40399.211 | I4: =+H4*(1+$C$5) -> 40552.054 | J4: =+I4*(1+$C$5) -> 40705.476 | K4: =+J4*(1+$C$5) -> 40859.479 | ... DS4: =+DR4*(1+$C$5) -> 62369.265
B5: IPC promedio | C5: =C13%/12 -> 0.0037833333
B8: Resumen anual | C8: Año 1 | D8: Año 2 | E8: Año 3 | F8: Año 4 | G8: Año 5 | H8: Año 6 | I8: Año 7 | J8: Año 8 | K8: Año 9 | L8: Año 10
C9: =O4 -> 41481.337 | D9: =AA4 -> 43404.275 | E9: =AM4 -> 45416.355 | F9: =AY4 -> 47521.708 | G9: =BK4 -> 49724.658 | H9: =BW4 -> 52029.73 | I9: =CI4 -> 54441.657 | J9: =CU4 -> 56965.393 | K9: =DG4 -> 59606.122 | L9: =DS4 -> 62369.265
B12: Valor UF Diciembre 2025 | C12: 39643.59
B13: IPC promedio | C13: =AVERAGE(C14:C23) -> 4.54
B14: 2024-2025 | C14: 3.4
B15: 2023-2024 | C15: 4.5
B16: 2022-2023 | C16: 3.9
B17: 2021-2022 | C17: 12.8
B18: 2020-2021 | C18: 7.2
B19: 2019-2020 | C19: 3
B20: 2018-2019 | C20: 3
B21: 2017-2018 | C21: 2.6
B22: 2016-2017 | C22: 2.3
B23: 2015-2016 | C23: 2.7

Sheet Costo total V2
B2: Unidad Vecinal | C2: Costo cargador 2x11 kW | D2: Valor de suelo estimado ($/5m²) | E2: Año 1 | F2: Año 2 | G2: Año 3 | H2: Año 4 | I2: Año 5 | J2: Año 6 | K2: Año 7 | L2: Año 8 | M2: Año 9 | N2: Año 10 | O2: Año 11 | P2: Total año 5 | Q2: Total año 10
B3: Barón | C3: ='Costo Proyecto'!$N$3 -> 10257794 | D3: ='Costo Suelo'!B2*5 -> 2450000 | E3: =$C3+$D3+Tabla13[[#This Row],[Costo]]*12 -> 28453691 | F3: =$C3+$D3+Tabla13[[#This Row],[Costo A1]]*12 -> 29074396 | G3: =$C3+$D3+Tabla13[[#This Row],[Costo A2]]*12 -> 29723876 | H3: =$C3+$D3+Tabla13[[#This Row],[Costo A3]]*12 -> 30403463 | I3: =$C3+$D3+Tabla13[[#This Row],[Costo A4]]*12 -> 31114554 | J3: =$C3+$D3+Tabla13[[#This Row],[Costo A5]]*12 -> 31858608 | K3: =$C3+$D3+Tabla13[[#This Row],[Costo A6]]*12 -> 32637155 | L3: =$C3+$D3+Tabla13[[#This Row],[Costo A7]]*12 -> 33451792 | M3: =$C3+$D3+Tabla13[[#This Row],[Costo A8]]*12 -> 34304193 | N3: =$C3+$D3+Tabla13[[#This Row],[Costo A9]]*12 -> 35196109 | O3: =$C3+$D3+Tabla13[[#This Row],[Costo A10]]*12 -> 36129371 | P3: =SUM(E3:I3) -> 1.4876998e+08 | Q3: =SUM(E3:N3) -> 3.1621784e+08
B4: Cordillera | C4: ='Costo Proyecto'!$N$3 -> 10257794 | D4: ='Costo Suelo'!B3*5 -> 1050000 | E4: =$C4+$D4+Tabla13[[#This Row],[Costo]]*12 -> 27053691 | F4: =$C4+$D4+Tabla13[[#This Row],[Costo A1]]*12 -> 27674396 | G4: =$C4+$D4+Tabla13[[#This Row],[Costo A2]]*12 -> 28323876 | H4: =$C4+$D4+Tabla13[[#This Row],[Costo A3]]*12 -> 29003463 | I4: =$C4+$D4+Tabla13[[#This Row],[Costo A4]]*12 -> 29714554 | J4: =$C4+$D4+Tabla13[[#This Row],[Costo A5]]*12 -> 30458608 | K4: =$C4+$D4+Tabla13[[#This Row],[Costo A6]]*12 -> 31237155 | L4: =$C4+$D4+Tabla13[[#This Row],[Costo A7]]*12 -> 32051792 | M4: =$C4+$D4+Tabla13[[#This Row],[Costo A8]]*12 -> 32904193 | N4: =$C4+$D4+Tabla13[[#This Row],[Costo A9]]*12 -> 33796109 | O4: =$C4+$D4+Tabla13[[#This Row],[Costo A10]]*12 -> 34729371 | P4: =SUM(E4:I4) -> 1.4176998e+08 | Q4: =SUM(E4:N4) -> 3.0221784e+08
B5: Esperanza | C5: ='Costo Proyecto'!$N$3 -> 10257794 | D5: ='Costo Suelo'!B4*5 -> 850000 | E5: =$C5+$D5+Tabla13[[#This Row],[Costo]]*12 -> 20158807 | F5: =$C5+$D5+Tabla13[[#This Row],[Costo A1]]*12 -> 20469159 | G5: =$C5+$D5+Tabla13[[#This Row],[Costo A2]]*12 -> 20793899 | H5: =$C5+$D5+Tabla13[[#This Row],[Costo A3]]*12 -> 21133693 | I5: =$C5+$D5+Tabla13[[#This Row],[Costo A4]]*12 -> 21489238 | J5: =$C5+$D5+Tabla13[[#This Row],[Costo A5]]*12 -> 21861265 | K5: =$C5+$D5+Tabla13[[#This Row],[Costo A6]]*12 -> 22250539 | L5: =$C5+$D5+Tabla13[[#This Row],[Costo A7]]*12 -> 22657857 | M5: =$C5+$D5+Tabla13[[#This Row],[Costo A8]]*12 -> 23084058 | N5: =$C5+$D5+Tabla13[[#This Row],[Costo A9]]*12 -> 23530016 | O5: =$C5+$D5+Tabla13[[#This Row],[Costo A10]]*12 -> 23996647 | P5: =SUM(E5:I5) -> 1.040448e+08 | Q5: =SUM(E5:N5) -> 2.1742853e+08
B6: Jean y Marie Thierry | C6: ='Costo Proyecto'!$N$3 -> 10257794 | D6: ='Costo Suelo'!B5*5 -> 1250000 | E6: =$C6+$D6+Tabla13[[#This Row],[Costo]]*12 -> 27253691 | F6: =$C6+$D6+Tabla13[[#This Row],[Costo A1]]*12 -> 27874396 | G6: =$C6+$D6+Tabla13[[#This Row],[Costo A2]]*12 -> 28523876 | H6: =$C6+$D6+Tabla13[[#This Row],[Costo A3]]*12 -> 29203463 | I6: =$C6+$D6+Tabla13[[#This Row],[Costo A4]]*12 -> 29914554 | J6: =$C6+$D6+Tabla13[[#This Row],[Costo A5]]*12 -> 30658608 | K6: =$C6+$D6+Tabla13[[#This Row],[Costo A6]]*12 -> 31437155 | L6: =$C6+$D6+Tabla13[[#This Row],[Costo A7]]*12 -> 32251792 | M6: =$C6+$D6+Tabla13[[#This Row],[Costo A8]]*12 -> 33104193 | N6: =$C6+$D6+Tabla13[[#This Row],[Costo A9]]*12 -> 33996109 | O6: =$C6+$D6+Tabla13[[#This Row],[Costo A10]]*12 -> 34929371 | P6: =SUM(E6:I6) -> 1.4276998e+08 | Q6: =SUM(E6:N6) -> 3.0421784e+08
B7: Laguna Verde | C7: ='Costo Proyecto'!$N$3 -> 10257794 | D7: ='Costo Suelo'!B6*5 -> 250000 | E7: =$C7+$D7+Tabla13[[#This Row],[Costo]]*12 -> 19558807 | F7: =$C7+$D7+Tabla13[[#This Row],[Costo A1]]*12 -> 19869159 | G7: =$C7+$D7+Tabla13[[#This Row],[Costo A2]]*12 -> 20193899 | H7: =$C7+$D7+Tabla13[[#This Row],[Costo A3]]*12 -> 20533693 | I7: =$C7+$D7+Tabla13[[#This Row],[Costo A4]]*12 -> 20889238 | J7: =$C7+$D7+Tabla13[[#This Row],[Costo A5]]*12 -> 21261265 | K7: =$C7+$D7+Tabla13[[#This Row],[Costo A6]]*12 -> 21650539 | L7: =$C7+$D7+Tabla13[[#This Row],[Costo A7]]*12 -> 22057857 | M7: =$C7+$D7+Tabla13[[#This Row],[Costo A8]]*12 -> 22484058 | N7: =$C7+$D7+Tabla13[[#This Row],[Costo A9]]*12 -> 22930016 | O7: =$C7+$D7+Tabla13[[#This Row],[Costo A10]]*12 -> 23396647 | P7: =SUM(E7:I7) -> 1.010448e+08 | Q7: =SUM(E7:N7) -> 2.1142853e+08
B8: Las Cañas | C8: ='Costo Proyecto'!$N$3 -> 10257794 | D8: ='Costo Suelo'!B7*5 -> 700000 | E8: =$C8+$D8+Tabla13[[#This Row],[Costo]]*12 -> 20008807 | F8: =$C8+$D8+Tabla13[[#This Row],[Costo A1]]*12 -> 20319159 | G8: =$C8+$D8+Tabla13[[#This Row],[Costo A2]]*12 -> 20643899 | H8: =$C8+$D8+Tabla13[[#This Row],[Costo A3]]*12 -> 20983693 | I8: =$C8+$D8+Tabla13[[#This Row],[Costo A4]]*12 -> 21339238 | J8: =$C8+$D8+Tabla13[[#This Row],[Costo A5]]*12 -> 21711265 | K8: =$C8+$D8+Tabla13[[#This Row],[Costo A6]]*12 -> 22100539 | L8: =$C8+$D8+Tabla13[[#This Row],[Costo A7]]*12 -> 22507857 | M8: =$C8+$D8+Tabla13[[#This Row],[Costo A8]]*12 -> 22934058 | N8: =$C8+$D8+Tabla13[[#This Row],[Costo A9]]*12 -> 23380016 | O8: =$C8+$D8+Tabla13[[#This Row],[Costo A10]]*12 -> 23846647 | P8: =SUM(E8:I8) -> 1.032948e+08 | Q8: =SUM(E8:N8) -> 2.1592853e+08
B9: Marcelo Mena | C9: ='Costo Proyecto'!$N$3 -> 10257794 | D9: ='Costo Suelo'!B8*5 -> 850000 | E9: =$C9+$D9+Tabla13[[#This Row],[Costo]]*12 -> 55989355 | F9: =$C9+$D9+Tabla13[[#This Row],[Costo A1]]*12 -> 57851472 | G9: =$C9+$D9+Tabla13[[#This Row],[Costo A2]]*12 -> 59799911 | H9: =$C9+$D9+Tabla13[[#This Row],[Costo A3]]*12 -> 61838672 | I9: =$C9+$D9+Tabla13[[#This Row],[Costo A4]]*12 -> 63971945 | J9: =$C9+$D9+Tabla13[[#This Row],[Costo A5]]*12 -> 66204108 | K9: =$C9+$D9+Tabla13[[#This Row],[Costo A6]]*12 -> 68539747 | L9: =$C9+$D9+Tabla13[[#This Row],[Costo A7]]*12 -> 70983659 | M9: =$C9+$D9+Tabla13[[#This Row],[Costo A8]]*12 -> 73540863 | N9: =$C9+$D9+Tabla13[[#This Row],[Costo A9]]*12 -> 76216610 | O9: =$C9+$D9+Tabla13[[#This Row],[Costo A10]]*12 -> 79016396 | P9: =SUM(E9:I9) -> 2.9945136e+08 | Q9: =SUM(E9:N9) -> 6.5493634e+08
B10: Padre Demian Molokai | C10: ='Costo Proyecto'!$N$3 -> 10257794 | D10: ='Costo Suelo'!B9*5 -> 1050000 | E10: =$C10+$D10+Tabla13[[#This Row],[Costo]]*12 -> 56189355 | F10: =$C10+$D10+Tabla13[[#This Row],[Costo A1]]*12 -> 58051472 | G10: =$C10+$D10+Tabla13[[#This Row],[Costo A2]]*12 -> 59999911 | H10: =$C10+$D10+Tabla13[[#This Row],[Costo A3]]*12 -> 62038672 | I10: =$C10+$D10+Tabla13[[#This Row],[Costo A4]]*12 -> 64171945 | J10: =$C10+$D10+Tabla13[[#This Row],[Costo A5]]*12 -> 66404108 | K10: =$C10+$D10+Tabla13[[#This Row],[Costo A6]]*12 -> 68739747 | L10: =$C10+$D10+Tabla13[[#This Row],[Costo A7]]*12 -> 71183659 | M10: =$C10+$D10+Tabla13[[#This Row],[Costo A8]]*12 -> 73740863 | N10: =$C10+$D10+Tabla13[[#This Row],[Costo A9]]*12 -> 76416610 | O10: =$C10+$D10+Tabla13[[#This Row],[Costo A10]]*12 -> 79216396 | P10: =SUM(E10:I10) -> 3.0045136e+08 | Q10: =SUM(E10:N10) -> 6.5693634e+08
B11: Placeres | C11: ='Costo Proyecto'!$N$3 -> 10257794 | D11: ='Costo Suelo'!B10*5 -> 2100000 | E11: =$C11+$D11+Tabla13[[#This Row],[Costo]]*12 -> 28103691 | F11: =$C11+$D11+Tabla13[[#This Row],[Costo A1]]*12 -> 28724396 | G11: =$C11+$D11+Tabla13[[#This Row],[Costo A2]]*12 -> 29373876 | H11: =$C11+$D11+Tabla13[[#This Row],[Costo A3]]*12 -> 30053463 | I11: =$C11+$D11+Tabla13[[#This Row],[Costo A4]]*12 -> 30764554 | J11: =$C11+$D11+Tabla13[[#This Row],[Costo A5]]*12 -> 31508608 | K11: =$C11+$D11+Tabla13[[#This Row],[Costo A6]]*12 -> 32287155 | L11: =$C11+$D11+Tabla13[[#This Row],[Costo A7]]*12 -> 33101792 | M11: =$C11+$D11+Tabla13[[#This Row],[Costo A8]]*12 -> 33954193 | N11: =$C11+$D11+Tabla13[[#This Row],[Costo A9]]*12 -> 34846109 | O11: =$C11+$D11+Tabla13[[#This Row],[Costo A10]]*12 -> 35779371 | P11: =SUM(E11:I11) -> 1.4701998e+08 | Q11: =SUM(E11:N11) -> 3.1271784e+08
B12: Placilla | C12: ='Costo Proyecto'!$N$3 -> 10257794 | D12: ='Costo Suelo'!B11*5 -> 575000 | E12: =$C12+$D12+Tabla13[[#This Row],[Costo]]*12 -> 26578691 | F12: =$C12+$D12+Tabla13[[#This Row],[Costo A1]]*12 -> 27199396 | G12: =$C12+$D12+Tabla13[[#This Row],[Costo A2]]*12 -> 27848876 | H12: =$C12+$D12+Tabla13[[#This Row],[Costo A3]]*12 -> 28528463 | I12: =$C12+$D12+Tabla13[[#This Row],[Costo A4]]*12 -> 29239554 | J12: =$C12+$D12+Tabla13[[#This Row],[Costo A5]]*12 -> 29983608 | K12: =$C12+$D12+Tabla13[[#This Row],[Costo A6]]*12 -> 30762155 | L12: =$C12+$D12+Tabla13[[#This Row],[Costo A7]]*12 -> 31576792 | M12: =$C12+$D12+Tabla13[[#This Row],[Costo A8]]*12 -> 32429193 | N12: =$C12+$D12+Tabla13[[#This Row],[Costo A9]]*12 -> 33321109 | O12: =$C12+$D12+Tabla13[[#This Row],[Costo A10]]*12 -> 34254371 | P12: =SUM(E12:I12) -> 1.3939498e+08 | Q12: =SUM(E12:N12) -> 2.9746784e+08
B13: Plaza Justicia (Plan) | C13: ='Costo Proyecto'!$N$3 -> 10257794 | D13: ='Costo Suelo'!B12*5 -> 5600000 | E13: =$C13+$D13+Tabla13[[#This Row],[Costo]]*12 -> 80824007 | F13: =$C13+$D13+Tabla13[[#This Row],[Costo A1]]*12 -> 83617183 | G13: =$C13+$D13+Tabla13[[#This Row],[Costo A2]]*12 -> 86539840 | H13: =$C13+$D13+Tabla13[[#This Row],[Costo A3]]*12 -> 89597983 | I13: =$C13+$D13+Tabla13[[#This Row],[Costo A4]]*12 -> 92797891 | J13: =$C13+$D13+Tabla13[[#This Row],[Costo A5]]*12 -> 96146137 | K13: =$C13+$D13+Tabla13[[#This Row],[Costo A6]]*12 -> 99649596 | L13: =$C13+$D13+Tabla13[[#This Row],[Costo A7]]*12 -> 1.0331546e+08 | M13: =$C13+$D13+Tabla13[[#This Row],[Costo A8]]*12 -> 1.0715127e+08 | N13: =$C13+$D13+Tabla13[[#This Row],[Costo A9]]*12 -> 1.1116489e+08 | O13: =$C13+$D13+Tabla13[[#This Row],[Costo A10]]*12 -> 1.1536457e+08 | P13: =SUM(E13:I13) -> 4.333769e+08 | Q13: =SUM(E13:N13) -> 9.5080426e+08
B14: Puertas Negras | C14: ='Costo Proyecto'!$N$3 -> 10257794 | D14: ='Costo Suelo'!B13*5 -> 625000 | E14: =$C14+$D14+Tabla13[[#This Row],[Costo]]*12 -> 19933807 | F14: =$C14+$D14+Tabla13[[#This Row],[Costo A1]]*12 -> 20244159 | G14: =$C14+$D14+Tabla13[[#This Row],[Costo A2]]*12 -> 20568899 | H14: =$C14+$D14+Tabla13[[#This Row],[Costo A3]]*12 -> 20908693 | I14: =$C14+$D14+Tabla13[[#This Row],[Costo A4]]*12 -> 21264238 | J14: =$C14+$D14+Tabla13[[#This Row],[Costo A5]]*12 -> 21636265 | K14: =$C14+$D14+Tabla13[[#This Row],[Costo A6]]*12 -> 22025539 | L14: =$C14+$D14+Tabla13[[#This Row],[Costo A7]]*12 -> 22432857 | M14: =$C14+$D14+Tabla13[[#This Row],[Costo A8]]*12 -> 22859058 | N14: =$C14+$D14+Tabla13[[#This Row],[Costo A9]]*12 -> 23305016 | O14: =$C14+$D14+Tabla13[[#This Row],[Costo A10]]*12 -> 23771647 | P14: =SUM(E14:I14) -> 1.029198e+08 | Q14: =SUM(E14:N14) -> 2.1517853e+08
... B17: Rodelillo | C17: ='Costo Proyecto'!$N$3 -> 10257794 | D17: ='Costo Suelo'!B16*5 -> 900000 | E17: =$C17+$D17+Tabla13[[#This Row],[Costo]]*12 -> 56039355 | F17: =$C17+$D17+Tabla13[[#This Row],[Costo A1]]*12 -> 57901472 | G17: =$C17+$D17+Tabla13[[#This Row],[Costo A2]]*12 -> 59849911 | H17: =$C17+$D17+Tabla13[[#This Row],[Costo A3]]*12 -> 61888672 | I17: =$C17+$D17+Tabla13[[#This Row],[Costo A4]]*12 -> 64021945 | J17: =$C17+$D17+Tabla13[[#This Row],[Costo A5]]*12 -> 66254108 | K17: =$C17+$D17+Tabla13[[#This Row],[Costo A6]]*12 -> 68589747 | L17: =$C17+$D17+Tabla13[[#This Row],[Costo A7]]*12 -> 71033659 | M17: =$C17+$D17+Tabla13[[#This Row],[Costo A8]]*12 -> 73590863 | N17: =$C17+$D17+Tabla13[[#This Row],[Costo A9]]*12 -> 76266610 | O17: =$C17+$D17+Tabla13[[#This Row],[Costo A10]]*12 -> 79066396 | P17: =SUM(E17:I17) -> 2.9970136e+08 | Q17: =SUM(E17:N17) -> 6.5543634e+08

Sheet Costo Seguridad V2
E1: Año 0 | F1: Año 1 | G1: Año 2 | H1: Año 3 | I1: Año 4 | J1: Año 5 | K1: Año 6 | L1: Año 7 | M1: Año 8 | N1: Año 9 | O1: Año 10
B2: Unidad Vecinal | C2: Denuncias graves | D2: Catgoria | E2: Costo | F2: Costo A1 | G2: Costo A2 | H2: Costo A3 | I2: Costo A4 | J2: Costo A5 | K2: Costo A6 | L2: Costo A7 | M2: Costo A8 | N2: Costo A9 | O2: Costo A10
B3: Barón | C3: 804 | D3: =IF(C3<=$S$5,$Q$5,IF(C3<=$S$6,$Q$6,IF(C3<=$S$7,$Q$7,IF(C3<=$S$8,$Q$8)))) -> Media-Segura | E3: =IF(D3=$Q$5,$T$5*$S$12+$S$13*$W$5,IF(D3=$Q$6,$T$6*$S$12+$S$13*$W$6,IF(D3=$Q$7,$T$7*$S$12+$S$13*$W$7,IF(D3=$Q$8,$T$8*$S$12+$S$13*$W$8)))) -> 1312158.1 | F3: =IF(D3=$Q$5,$T$5*$S$12+$S$16*$W$5,IF(D3=$Q$6,$T$6*$S$12+$S$16*$W$6,IF(D3=$Q$7,$T$7*$S$12+$S$16*$W$7,IF(D3=$Q$8,$T$8*$S$12+$S$16*$W$8)))) -> 1363883.5 | G3: =IF(D3=$Q$5,$T$5*$S$12+$S$17*$W$5,IF(D3=$Q$6,$T$6*$S$12+$S$17*$W$6,IF(D3=$Q$7,$T$7*$S$12+$S$17*$W$7,IF(D3=$Q$8,$T$8*$S$12+$S$17*$W$8)))) -> 1418006.8 | H3: =IF(D3=$Q$5,$T$5*$S$12+$S$18*$W$5,IF(D3=$Q$6,$T$6*$S$12+$S$18*$W$6,IF(D3=$Q$7,$T$7*$S$12+$S$18*$W$7,IF(D3=$Q$8,$T$8*$S$12+$S$18*$W$8)))) -> 1474639.1 | I3: =IF(D3=$Q$5,$T$5*$S$12+$S$19*$W$5,IF(D3=$Q$6,$T$6*$S$12+$S$19*$W$6,IF(D3=$Q$7,$T$7*$S$12+$S$19*$W$7,IF(D3=$Q$8,$T$8*$S$12+$S$19*$W$8)))) -> 1533896.6 | J3: =IF(D3=$Q$5,$T$5*$S$12+$S$20*$W$5,IF(D3=$Q$6,$T$6*$S$12+$S$20*$W$6,IF(D3=$Q$7,$T$7*$S$12+$S$20*$W$7,IF(D3=$Q$8,$T$8*$S$12+$S$20*$W$8)))) -> 1595901.2 | K3: =IF(D3=$Q$5,$T$5*$S$12+$S$21*$W$5,IF(D3=$Q$6,$T$6*$S$12+$S$21*$W$6,IF(D3=$Q$7,$T$7*$S$12+$S$21*$W$7,IF(D3=$Q$8,$T$8*$S$12+$S$21*$W$8)))) -> 1660780.1 | L3: =IF(D3=$Q$5,$T$5*$S$12+$S$22*$W$5,IF(D3=$Q$6,$T$6*$S$12+$S$22*$W$6,IF(D3=$Q$7,$T$7*$S$12+$S$22*$W$7,IF(D3=$Q$8,$T$8*$S$12+$S$22*$W$8)))) -> 1728666.5 | M3: =IF(D3=$Q$5,$T$5*$S$12+$S$23*$W$5,IF(D3=$Q$6,$T$6*$S$12+$S$23*$W$6,IF(D3=$Q$7,$T$7*$S$12+$S$23*$W$7,IF(D3=$Q$8,$T$8*$S$12+$S$23*$W$8)))) -> 1799699.9 | N3: =IF(D3=$Q$5,$T$5*$S$12+$S$24*$W$5,IF(D3=$Q$6,$T$6*$S$12+$S$24*$W$6,IF(D3=$Q$7,$T$7*$S$12+$S$24*$W$7,IF(D3=$Q$8,$T$8*$S$12+$S$24*$W$8)))) -> 1874026.2 | O3: =IF(D3=$Q$5,$T$5*$S$12+$S$25*$W$5,IF(D3=$Q$6,$T$6*$S$12+$S$25*$W$6,IF(D3=$Q$7,$T$7*$S$12+$S$25*$W$7,IF(D3=$Q$8,$T$8*$S$12+$S$25*$W$8)))) -> 1951798.1 | U3: Guardias
B4: Cordillera | C4: 1469 | D4: =IF(C4<=$S$5,$Q$5,IF(C4<=$S$6,$Q$6,IF(C4<=$S$7,$Q$7,IF(C4<=$S$8,$Q$8)))) -> Media-Segura | E4: =IF(D4=$Q$5,$T$5*$S$12+$S$13*$W$5,IF(D4=$Q$6,$T$6*$S$12+$S$13*$W$6,IF(D4=$Q$7,$T$7*$S$12+$S$13*$W$7,IF(D4=$Q$8,$T$8*$S$12+$S$13*$W$8)))) -> 1312158.1 | F4: =IF(D4=$Q$5,$T$5*$S$12+$S$16*$W$5,IF(D4=$Q$6,$T$6*$S$12+$S$16*$W$6,IF(D4=$Q$7,$T$7*$S$12+$S$16*$W$7,IF(D4=$Q$8,$T$8*$S$12+$S$16*$W$8)))) -> 1363883.5 | G4: =IF(D4=$Q$5,$T$5*$S$12+$S$17*$W$5,IF(D4=$Q$6,$T$6*$S$12+$S$17*$W$6,IF(D4=$Q$7,$T$7*$S$12+$S$17*$W$7,IF(D4=$Q$8,$T$8*$S$12+$S$17*$W$8)))) -> 1418006.8 | H4: =IF(D4=$Q$5,$T$5*$S$12+$S$18*$W$5,IF(D4=$Q$6,$T$6*$S$12+$S$18*$W$6,IF(D4=$Q$7,$T$7*$S$12+$S$18*$W$7,IF(D4=$Q$8,$T$8*$S$12+$S$18*$W$8)))) -> 1474639.1 | I4: =IF(D4=$Q$5,$T$5*$S$12+$S$19*$W$5,IF(D4=$Q$6,$T$6*$S$12+$S$19*$W$6,IF(D4=$Q$7,$T$7*$S$12+$S$19*$W$7,IF(D4=$Q$8,$T$8*$S$12+$S$19*$W$8)))) -> 1533896.6 | J4: =IF(D4=$Q$5,$T$5*$S$12+$S$20*$W$5,IF(D4=$Q$6,$T$6*$S$12+$S$20*$W$6,IF(D4=$Q$7,$T$7*$S$12+$S$20*$W$7,IF(D4=$Q$8,$T$8*$S$12+$S$20*$W$8)))) -> 1595901.2 | K4: =IF(D4=$Q$5,$T$5*$S$12+$S$21*$W$5,IF(D4=$Q$6,$T$6*$S$12+$S$21*$W$6,IF(D4=$Q$7,$T$7*$S$12+$S$21*$W$7,IF(D4=$Q$8,$T$8*$S$12+$S$21*$W$8)))) -> 1660780.1 | L4: =IF(D4=$Q$5,$T$5*$S$12+$S$22*$W$5,IF(D4=$Q$6,$T$6*$S$12+$S$22*$W$6,IF(D4=$Q$7,$T$7*$S$12+$S$22*$W$7,IF(D4=$Q$8,$T$8*$S$12+$S$22*$W$8)))) -> 1728666.5 | M4: =IF(D4=$Q$5,$T$5*$S$12+$S$23*$W$5,IF(D4=$Q$6,$T$6*$S$12+$S$23*$W$6,IF(D4=$Q$7,$T$7*$S$12+$S$23*$W$7,IF(D4=$Q$8,$T$8*$S$12+$S$23*$W$8)))) -> 1799699.9 | N4: =IF(D4=$Q$5,$T$5*$S$12+$S$24*$W$5,IF(D4=$Q$6,$T$6*$S$12+$S$24*$W$6,IF(D4=$Q$7,$T$7*$S$12+$S$24*$W$7,IF(D4=$Q$8,$T$8*$S$12+$S$24*$W$8)))) -> 1874026.2 | O4: =IF(D4=$Q$5,$T$5*$S$12+$S$25*$W$5,IF(D4=$Q$6,$T$6*$S$12+$S$25*$W$6,IF(D4=$Q$7,$T$7*$S$12+$S$25*$W$7,IF(D4=$Q$8,$T$8*$S$12+$S$25*$W$8)))) -> 1951798.1 | Q4: Categoria zona | R4: Cantidad delitos | T4: Camaras | U4: Cantidad | V4: Horas | W4: Cant. Para hrs.
B5: Esperanza | C5: 417 | D5: =IF(C5<=$S$5,$Q$5,IF(C5<=$S$6,$Q$6,IF(C5<=$S$7,$Q$7,IF(C5<=$S$8,$Q$8)))) -> Segura | E5: =IF(D5=$Q$5,$T$5*$S$12+$S$13*$W$5,IF(D5=$Q$6,$T$6*$S$12+$S$13*$W$6,IF(D5=$Q$7,$T$7*$S$12+$S$13*$W$7,IF(D5=$Q$8,$T$8*$S$12+$S$13*$W$8)))) -> 754251.05 | F5: =IF(D5=$Q$5,$T$5*$S$12+$S$16*$W$5,IF(D5=$Q$6,$T$6*$S$12+$S$16*$W$6,IF(D5=$Q$7,$T$7*$S$12+$S$16*$W$7,IF(D5=$Q$8,$T$8*$S$12+$S$16*$W$8)))) -> 780113.79 | G5: =IF(D5=$Q$5,$T$5*$S$12+$S$17*$W$5,IF(D5=$Q$6,$T$6*$S$12+$S$17*$W$6,IF(D5=$Q$7,$T$7*$S$12+$S$17*$W$7,IF(D5=$Q$8,$T$8*$S$12+$S$17*$W$8)))) -> 807175.43 | H5: =IF(D5=$Q$5,$T$5*$S$12+$S$18*$W$5,IF(D5=$Q$6,$T$6*$S$12+$S$18*$W$6,IF(D5=$Q$7,$T$7*$S$12+$S$18*$W$7,IF(D5=$Q$8,$T$8*$S$12+$S$18*$W$8)))) -> 835491.57 | I5: =IF(D5=$Q$5,$T$5*$S$12+$S$19*$W$5,IF(D5=$Q$6,$T$6*$S$12+$S$19*$W$6,IF(D5=$Q$7,$T$7*$S$12+$S$19*$W$7,IF(D5=$Q$8,$T$8*$S$12+$S$19*$W$8)))) -> 865120.35 | J5: =IF(D5=$Q$5,$T$5*$S$12+$S$20*$W$5,IF(D5=$Q$6,$T$6*$S$12+$S$20*$W$6,IF(D5=$Q$7,$T$7*$S$12+$S$20*$W$7,IF(D5=$Q$8,$T$8*$S$12+$S$20*$W$8)))) -> 896122.62 | K5: =IF(D5=$Q$5,$T$5*$S$12+$S$21*$W$5,IF(D5=$Q$6,$T$6*$S$12+$S$21*$W$6,IF(D5=$Q$7,$T$7*$S$12+$S$21*$W$7,IF(D5=$Q$8,$T$8*$S$12+$S$21*$W$8)))) -> 928562.05 | L5: =IF(D5=$Q$5,$T$5*$S$12+$S$22*$W$5,IF(D5=$Q$6,$T$6*$S$12+$S$22*$W$6,IF(D5=$Q$7,$T$7*$S$12+$S$22*$W$7,IF(D5=$Q$8,$T$8*$S$12+$S$22*$W$8)))) -> 962505.27 | M5: =IF(D5=$Q$5,$T$5*$S$12+$S$23*$W$5,IF(D5=$Q$6,$T$6*$S$12+$S$23*$W$6,IF(D5=$Q$7,$T$7*$S$12+$S$23*$W$7,IF(D5=$Q$8,$T$8*$S$12+$S$23*$W$8)))) -> 998021.99 | N5: =IF(D5=$Q$5,$T$5*$S$12+$S$24*$W$5,IF(D5=$Q$6,$T$6*$S$12+$S$24*$W$6,IF(D5=$Q$7,$T$7*$S$12+$S$24*$W$7,IF(D5=$Q$8,$T$8*$S$12+$S$24*$W$8)))) -> 1035185.1 | O5: =IF(D5=$Q$5,$T$5*$S$12+$S$25*$W$5,IF(D5=$Q$6,$T$6*$S$12+$S$25*$W$6,IF(D5=$Q$7,$T$7*$S$12+$S$25*$W$7,IF(D5=$Q$8,$T$8*$S$12+$S$25*$W$8)))) -> 1074071.1 | Q5: Segura | R5: 0 | S5: 800 | T5: 2 | U5: 1 | V5: 8 | W5: 1
B6: Jean y Marie Thierry | C6: 996 | D6: =IF(C6<=$S$5,$Q$5,IF(C6<=$S$6,$Q$6,IF(C6<=$S$7,$Q$7,IF(C6<=$S$8,$Q$8)))) -> Media-Segura | E6: =IF(D6=$Q$5,$T$5*$S$12+$S$13*$W$5,IF(D6=$Q$6,$T$6*$S$12+$S$13*$W$6,IF(D6=$Q$7,$T$7*$S$12+$S$13*$W$7,IF(D6=$Q$8,$T$8*$S$12+$S$13*$W$8)))) -> 1312158.1 | F6: =IF(D6=$Q$5,$T$5*$S$12+$S$16*$W$5,IF(D6=$Q$6,$T$6*$S$12+$S$16*$W$6,IF(D6=$Q$7,$T$7*$S$12+$S$16*$W$7,IF(D6=$Q$8,$T$8*$S$12+$S$16*$W$8)))) -> 1363883.5 | G6: =IF(D6=$Q$5,$T$5*$S$12+$S$17*$W$5,IF(D6=$Q$6,$T$6*$S$12+$S$17*$W$6,IF(D6=$Q$7,$T$7*$S$12+$S$17*$W$7,IF(D6=$Q$8,$T$8*$S$12+$S$17*$W$8)))) -> 1418006.8 | H6: =IF(D6=$Q$5,$T$5*$S$12+$S$18*$W$5,IF(D6=$Q$6,$T$6*$S$12+$S$18*$W$6,IF(D6=$Q$7,$T$7*$S$12+$S$18*$W$7,IF(D6=$Q$8,$T$8*$S$12+$S$18*$W$8)))) -> 1474639.1 | I6: =IF(D6=$Q$5,$T$5*$S$12+$S$19*$W$5,IF(D6=$Q$6,$T$6*$S$12+$S$19*$W$6,IF(D6=$Q$7,$T$7*$S$12+$S$19*$W$7,IF(D6=$Q$8,$T$8*$S$12+$S$19*$W$8)))) -> 1533896.6 | J6: =IF(D6=$Q$5,$T$5*$S$12+$S$20*$W$5,IF(D6=$Q$6,$T$6*$S$12+$S$20*$W$6,IF(D6=$Q$7,$T$7*$S$12+$S$20*$W$7,IF(D6=$Q$8,$T$8*$S$12+$S$20*$W$8)))) -> 1595901.2 | K6: =IF(D6=$Q$5,$T$5*$S$12+$S$21*$W$5,IF(D6=$Q$6,$T$6*$S$12+$S$21*$W$6,IF(D6=$Q$7,$T$7*$S$12+$S$21*$W$7,IF(D6=$Q$8,$T$8*$S$12+$S$21*$W$8)))) -> 1660780.1 | L6: =IF(D6=$Q$5,$T$5*$S$12+$S$22*$W$5,IF(D6=$Q$6,$T$6*$S$12+$S$22*$W$6,IF(D6=$Q$7,$T$7*$S$12+$S$22*$W$7,IF(D6=$Q$8,$T$8*$S$12+$S$22*$W$8)))) -> 1728666.5 | M6: =IF(D6=$Q$5,$T$5*$S$12+$S$23*$W$5,IF(D6=$Q$6,$T$6*$S$12+$S$23*$W$6,IF(D6=$Q$7,$T$7*$S$12+$S$23*$W$7,IF(D6=$Q$8,$T$8*$S$12+$S$23*$W$8)))) -> 1799699.9 | N6: =IF(D6=$Q$5,$T$5*$S$12+$S$24*$W$5,IF(D6=$Q$6,$T$6*$S$12+$S$24*$W$6,IF(D6=$Q$7,$T$7*$S$12+$S$24*$W$7,IF(D6=$Q$8,$T$8*$S$12+$S$24*$W$8)))) -> 1874026.2 | O6: =IF(D6=$Q$5,$T$5*$S$12+$S$25*$W$5,IF(D6=$Q$6,$T$6*$S$12+$S$25*$W$6,IF(D6=$Q$7,$T$7*$S$12+$S$25*$W$7,IF(D6=$Q$8,$T$8*$S$12+$S$25*$W$8)))) -> 1951798.1 | Q6: Media-Segura | R6: 801 | S6: 1600 | T6: 2 | U6: 1 | V6: 16 | W6: 2
B7: Laguna Verde | C7: 614 | D7: =IF(C7<=$S$5,$Q$5,IF(C7<=$S$6,$Q$6,IF(C7<=$S$7,$Q$7,IF(C7<=$S$8,$Q$8)))) -> Segura | E7: =IF(D7=$Q$5,$T$5*$S$12+$S$13*$W$5,IF(D7=$Q$6,$T$6*$S$12+$S$13*$W$6,IF(D7=$Q$7,$T$7*$S$12+$S$13*$W$7,IF(D7=$Q$8,$T$8*$S$12+$S$13*$W$8)))) -> 754251.05 | F7: =IF(D7=$Q$5,$T$5*$S$12+$S$16*$W$5,IF(D7=$Q$6,$T$6*$S$12+$S$16*$W$6,IF(D7=$Q$7,$T$7*$S$12+$S$16*$W$7,IF(D7=$Q$8,$T$8*$S$12+$S$16*$W$8)))) -> 780113.79 | G7: =IF(D7=$Q$5,$T$5*$S$12+$S$17*$W$5,IF(D7=$Q$6,$T$6*$S$12+$S$17*$W$6,IF(D7=$Q$7,$T$7*$S$12+$S$17*$W$7,IF(D7=$Q$8,$T$8*$S$12+$S$17*$W$8)))) -> 807175.43 | H7: =IF(D7=$Q$5,$T$5*$S$12+$S$18*$W$5,IF(D7=$Q$6,$T$6*$S$12+$S$18*$W$6,IF(D7=$Q$7,$T$7*$S$12+$S$18*$W$7,IF(D7=$Q$8,$T$8*$S$12+$S$18*$W$8)))) -> 835491.57 | I7: =IF(D7=$Q$5,$T$5*$S$12+$S$19*$W$5,IF(D7=$Q$6,$T$6*$S$12+$S$19*$W$6,IF(D7=$Q$7,$T$7*$S$12+$S$19*$W$7,IF(D7=$Q$8,$T$8*$S$12+$S$19*$W$8)))) -> 865120.35 | J7: =IF(D7=$Q$5,$T$5*$S$12+$S$20*$W$5,IF(D7=$Q$6,$T$6*$S$12+$S$20*$W$6,IF(D7=$Q$7,$T$7*$S$12+$S$20*$W$7,IF(D7=$Q$8,$T$8*$S$12+$S$20*$W$8)))) -> 896122.62 | K7: =IF(D7=$Q$5,$T$5*$S$12+$S$21*$W$5,IF(D7=$Q$6,$T$6*$S$12+$S$21*$W$6,IF(D7=$Q$7,$T$7*$S$12+$S$21*$W$7,IF(D7=$Q$8,$T$8*$S$12+$S$21*$W$8)))) -> 928562.05 | L7: =IF(D7=$Q$5,$T$5*$S$12+$S$22*$W$5,IF(D7=$Q$6,$T$6*$S$12+$S$22*$W$6,IF(D7=$Q$7,$T$7*$S$12+$S$22*$W$7,IF(D7=$Q$8,$T$8*$S$12+$S$22*$W$8)))) -> 962505.27 | M7: =IF(D7=$Q$5,$T$5*$S$12+$S$23*$W$5,IF(D7=$Q$6,$T$6*$S$12+$S$23*$W$6,IF(D7=$Q$7,$T$7*$S$12+$S$23*$W$7,IF(D7=$Q$8,$T$8*$S$12+$S$23*$W$8)))) -> 998021.99 | N7: =IF(D7=$Q$5,$T$5*$S$12+$S$24*$W$5,IF(D7=$Q$6,$T$6*$S$12+$S$24*$W$6,IF(D7=$Q$7,$T$7*$S$12+$S$24*$W$7,IF(D7=$Q$8,$T$8*$S$12+$S$24*$W$8)))) -> 1035185.1 | O7: =IF(D7=$Q$5,$T$5*$S$12+$S$25*$W$5,IF(D7=$Q$6,$T$6*$S$12+$S$25*$W$6,IF(D7=$Q$7,$T$7*$S$12+$S$25*$W$7,IF(D7=$Q$8,$T$8*$S$12+$S$25*$W$8)))) -> 1074071.1 | Q7: Media-Peligrosa | R7: 1601 | S7: 3000 | T7: 4 | U7: 2 | V7: 24 | W7: 6
B8: Las Cañas | C8: 482 | D8: =IF(C8<=$S$5,$Q$5,IF(C8<=$S$6,$Q$6,IF(C8<=$S$7,$Q$7,IF(C8<=$S$8,$Q$8)))) -> Segura | E8: =IF(D8=$Q$5,$T$5*$S$12+$S$13*$W$5,IF(D8=$Q$6,$T$6*$S$12+$S$13*$W$6,IF(D8=$Q$7,$T$7*$S$12+$S$13*$W$7,IF(D8=$Q$8,$T$8*$S$12+$S$13*$W$8)))) -> 754251.05 | F8: =IF(D8=$Q$5,$T$5*$S$12+$S$16*$W$5,IF(D8=$Q$6,$T$6*$S$12+$S$16*$W$6,IF(D8=$Q$7,$T$7*$S$12+$S$16*$W$7,IF(D8=$Q$8,$T$8*$S$12+$S$16*$W$8)))) -> 780113.79 | G8: =IF(D8=$Q$5,$T$5*$S$12+$S$17*$W$5,IF(D8=$Q$6,$T$6*$S$12+$S$17*$W$6,IF(D8=$Q$7,$T$7*$S$12+$S$17*$W$7,IF(D8=$Q$8,$T$8*$S$12+$S$17*$W$8)))) -> 807175.43 | H8: =IF(D8=$Q$5,$T$5*$S$12+$S$18*$W$5,IF(D8=$Q$6,$T$6*$S$12+$S$18*$W$6,IF(D8=$Q$7,$T$7*$S$12+$S$18*$W$7,IF(D8=$Q$8,$T$8*$S$12+$S$18*$W$8)))) -> 835491.57 | I8: =IF(D8=$Q$5,$T$5*$S$12+$S$19*$W$5,IF(D8=$Q$6,$T$6*$S$12+$S$19*$W$6,IF(D8=$Q$7,$T$7*$S$12+$S$19*$W$7,IF(D8=$Q$8,$T$8*$S$12+$S$19*$W$8)))) -> 865120.35 | J8: =IF(D8=$Q$5,$T$5*$S$12+$S$20*$W$5,IF(D8=$Q$6,$T$6*$S$12+$S$20*$W$6,IF(D8=$Q$7,$T$7*$S$12+$S$20*$W$7,IF(D8=$Q$8,$T$8*$S$12+$S$20*$W$8)))) -> 896122.62 | K8: =IF(D8=$Q$5,$T$5*$S$12+$S$21*$W$5,IF(D8=$Q$6,$T$6*$S$12+$S$21*$W$6,IF(D8=$Q$7,$T$7*$S$12+$S$21*$W$7,IF(D8=$Q$8,$T$8*$S$12+$S$21*$W$8)))) -> 928562.05 | L8: =IF(D8=$Q$5,$T$5*$S$12+$S$22*$W$5,IF(D8=$Q$6,$T$6*$S$12+$S$22*$W$6,IF(D8=$Q$7,$T$7*$S$12+$S$22*$W$7,IF(D8=$Q$8,$T$8*$S$12+$S$22*$W$8)))) -> 962505.27 | M8: =IF(D8=$Q$5,$T$5*$S$12+$S$23*$W$5,IF(D8=$Q$6,$T$6*$S$12+$S$23*$W$6,IF(D8=$Q$7,$T$7*$S$12+$S$23*$W$7,IF(D8=$Q$8,$T$8*$S$12+$S$23*$W$8)))) -> 998021.99 | N8: =IF(D8=$Q$5,$T$5*$S$12+$S$24*$W$5,IF(D8=$Q$6,$T$6*$S$12+$S$24*$W$6,IF(D8=$Q$7,$T$7*$S$12+$S$24*$W$7,IF(D8=$Q$8,$T$8*$S$12+$S$24*$W$8)))) -> 1035185.1 | O8: =IF(D8=$Q$5,$T$5*$S$12+$S$25*$W$5,IF(D8=$Q$6,$T$6*$S$12+$S$25*$W$6,IF(D8=$Q$7,$T$7*$S$12+$S$25*$W$7,IF(D8=$Q$8,$T$8*$S$12+$S$25*$W$8)))) -> 1074071.1 | Q8: Peligrosa | R8: 3000 | S8: 9500 | T8: 4 | U8: 3 | V8: 24 | W8: 9
B9: Marcelo Mena | C9: 1830 | D9: =IF(C9<=$S$5,$Q$5,IF(C9<=$S$6,$Q$6,IF(C9<=$S$7,$Q$7,IF(C9<=$S$8,$Q$8)))) -> Media-Peligrosa | E9: =IF(D9=$Q$5,$T$5*$S$12+$S$13*$W$5,IF(D9=$Q$6,$T$6*$S$12+$S$13*$W$6,IF(D9=$Q$7,$T$7*$S$12+$S$13*$W$7,IF(D9=$Q$8,$T$8*$S$12+$S$13*$W$8)))) -> 3740130.1 | F9: =IF(D9=$Q$5,$T$5*$S$12+$S$16*$W$5,IF(D9=$Q$6,$T$6*$S$12+$S$16*$W$6,IF(D9=$Q$7,$T$7*$S$12+$S$16*$W$7,IF(D9=$Q$8,$T$8*$S$12+$S$16*$W$8)))) -> 3895306.5 | G9: =IF(D9=$Q$5,$T$5*$S$12+$S$17*$W$5,IF(D9=$Q$6,$T$6*$S$12+$S$17*$W$6,IF(D9=$Q$7,$T$7*$S$12+$S$17*$W$7,IF(D9=$Q$8,$T$8*$S$12+$S$17*$W$8)))) -> 4057676.4 | H9: =IF(D9=$Q$5,$T$5*$S$12+$S$18*$W$5,IF(D9=$Q$6,$T$6*$S$12+$S$18*$W$6,IF(D9=$Q$7,$T$7*$S$12+$S$18*$W$7,IF(D9=$Q$8,$T$8*$S$12+$S$18*$W$8)))) -> 4227573.2 | I9: =IF(D9=$Q$5,$T$5*$S$12+$S$19*$W$5,IF(D9=$Q$6,$T$6*$S$12+$S$19*$W$6,IF(D9=$Q$7,$T$7*$S$12+$S$19*$W$7,IF(D9=$Q$8,$T$8*$S$12+$S$19*$W$8)))) -> 4405345.9 | J9: =IF(D9=$Q$5,$T$5*$S$12+$S$20*$W$5,IF(D9=$Q$6,$T$6*$S$12+$S$20*$W$6,IF(D9=$Q$7,$T$7*$S$12+$S$20*$W$7,IF(D9=$Q$8,$T$8*$S$12+$S$20*$W$8)))) -> 4591359.5 | K9: =IF(D9=$Q$5,$T$5*$S$12+$S$21*$W$5,IF(D9=$Q$6,$T$6*$S$12+$S$21*$W$6,IF(D9=$Q$7,$T$7*$S$12+$S$21*$W$7,IF(D9=$Q$8,$T$8*$S$12+$S$21*$W$8)))) -> 4785996.1 | L9: =IF(D9=$Q$5,$T$5*$S$12+$S$22*$W$5,IF(D9=$Q$6,$T$6*$S$12+$S$22*$W$6,IF(D9=$Q$7,$T$7*$S$12+$S$22*$W$7,IF(D9=$Q$8,$T$8*$S$12+$S$22*$W$8)))) -> 4989655.4 | M9: =IF(D9=$Q$5,$T$5*$S$12+$S$23*$W$5,IF(D9=$Q$6,$T$6*$S$12+$S$23*$W$6,IF(D9=$Q$7,$T$7*$S$12+$S$23*$W$7,IF(D9=$Q$8,$T$8*$S$12+$S$23*$W$8)))) -> 5202755.7 | N9: =IF(D9=$Q$5,$T$5*$S$12+$S$24*$W$5,IF(D9=$Q$6,$T$6*$S$12+$S$24*$W$6,IF(D9=$Q$7,$T$7*$S$12+$S$24*$W$7,IF(D9=$Q$8,$T$8*$S$12+$S$24*$W$8)))) -> 5425734.7 | O9: =IF(D9=$Q$5,$T$5*$S$12+$S$25*$W$5,IF(D9=$Q$6,$T$6*$S$12+$S$25*$W$6,IF(D9=$Q$7,$T$7*$S$12+$S$25*$W$7,IF(D9=$Q$8,$T$8*$S$12+$S$25*$W$8)))) -> 5659050.2
B10: Padre Demian Molokai | C10: 1837 | D10: =IF(C10<=$S$5,$Q$5,IF(C10<=$S$6,$Q$6,IF(C10<=$S$7,$Q$7,IF(C10<=$S$8,$Q$8)))) -> Media-Peligrosa | E10: =IF(D10=$Q$5,$T$5*$S$12+$S$13*$W$5,IF(D10=$Q$6,$T$6*$S$12+$S$13*$W$6,IF(D10=$Q$7,$T$7*$S$12+$S$13*$W$7,IF(D10=$Q$8,$T$8*$S$12+$S$13*$W$8)))) -> 3740130.1 | F10: =IF(D10=$Q$5,$T$5*$S$12+$S$16*$W$5,IF(D10=$Q$6,$T$6*$S$12+$S$16*$W$6,IF(D10=$Q$7,$T$7*$S$12+$S$16*$W$7,IF(D10=$Q$8,$T$8*$S$12+$S$16*$W$8)))) -> 3895306.5 | G10: =IF(D10=$Q$5,$T$5*$S$12+$S$17*$W$5,IF(D10=$Q$6,$T$6*$S$12+$S$17*$W$6,IF(D10=$Q$7,$T$7*$S$12+$S$17*$W$7,IF(D10=$Q$8,$T$8*$S$12+$S$17*$W$8)))) -> 4057676.4 | H10: =IF(D10=$Q$5,$T$5*$S$12+$S$18*$W$5,IF(D10=$Q$6,$T$6*$S$12+$S$18*$W$6,IF(D10=$Q$7,$T$7*$S$12+$S$18*$W$7,IF(D10=$Q$8,$T$8*$S$12+$S$18*$W$8)))) -> 4227573.2 | I10: =IF(D10=$Q$5,$T$5*$S$12+$S$19*$W$5,IF(D10=$Q$6,$T$6*$S$12+$S$19*$W$6,IF(D10=$Q$7,$T$7*$S$12+$S$19*$W$7,IF(D10=$Q$8,$T$8*$S$12+$S$19*$W$8)))) -> 4405345.9 | J10: =IF(D10=$Q$5,$T$5*$S$12+$S$20*$W$5,IF(D10=$Q$6,$T$6*$S$12+$S$20*$W$6,IF(D10=$Q$7,$T$7*$S$12+$S$20*$W$7,IF(D10=$Q$8,$T$8*$S$12+$S$20*$W$8)))) -> 4591359.5 | K10: =IF(D10=$Q$5,$T$5*$S$12+$S$21*$W$5,IF(D10=$Q$6,$T$6*$S$12+$S$21*$W$6,IF(D10=$Q$7,$T$7*$S$12+$S$21*$W$7,IF(D10=$Q$8,$T$8*$S$12+$S$21*$W$8)))) -> 4785996.1 | L10: =IF(D10=$Q$5,$T$5*$S$12+$S$22*$W$5,IF(D10=$Q$6,$T$6*$S$12+$S$22*$W$6,IF(D10=$Q$7,$T$7*$S$12+$S$22*$W$7,IF(D10=$Q$8,$T$8*$S$12+$S$22*$W$8)))) -> 4989655.4 | M10: =IF(D10=$Q$5,$T$5*$S$12+$S$23*$W$5,IF(D10=$Q$6,$T$6*$S$12+$S$23*$W$6,IF(D10=$Q$7,$T$7*$S$12+$S$23*$W$7,IF(D10=$Q$8,$T$8*$S$12+$S$23*$W$8)))) -> 5202755.7 | N10: =IF(D10=$Q$5,$T$5*$S$12+$S$24*$W$5,IF(D10=$Q$6,$T$6*$S$12+$S$24*$W$6,IF(D10=$Q$7,$T$7*$S$12+$S$24*$W$7,IF(D10=$Q$8,$T$8*$S$12+$S$24*$W$8)))) -> 5425734.7 | O10: =IF(D10=$Q$5,$T$5*$S$12+$S$25*$W$5,IF(D10=$Q$6,$T$6*$S$12+$S$25*$W$6,IF(D10=$Q$7,$T$7*$S$12+$S$25*$W$7,IF(D10=$Q$8,$T$8*$S$12+$S$25*$W$8)))) -> 5659050.2 | Q10: Costos asociados
B11: Placeres | C11: 1424 | D11: =IF(C11<=$S$5,$Q$5,IF(C11<=$S$6,$Q$6,IF(C11<=$S$7,$Q$7,IF(C11<=$S$8,$Q$8)))) -> Media-Segura | E11: =IF(D11=$Q$5,$T$5*$S$12+$S$13*$W$5,IF(D11=$Q$6,$T$6*$S$12+$S$13*$W$6,IF(D11=$Q$7,$T$7*$S$12+$S$13*$W$7,IF(D11=$Q$8,$T$8*$S$12+$S$13*$W$8)))) -> 1312158.1 | F11: =IF(D11=$Q$5,$T$5*$S$12+$S$16*$W$5,IF(D11=$Q$6,$T$6*$S$12+$S$16*$W$6,IF(D11=$Q$7,$T$7*$S$12+$S$16*$W$7,IF(D11=$Q$8,$T$8*$S$12+$S$16*$W$8)))) -> 1363883.5 | G11: =IF(D11=$Q$5,$T$5*$S$12+$S$17*$W$5,IF(D11=$Q$6,$T$6*$S$12+$S$17*$W$6,IF(D11=$Q$7,$T$7*$S$12+$S$17*$W$7,IF(D11=$Q$8,$T$8*$S$12+$S$17*$W$8)))) -> 1418006.8 | H11: =IF(D11=$Q$5,$T$5*$S$12+$S$18*$W$5,IF(D11=$Q$6,$T$6*$S$12+$S$18*$W$6,IF(D11=$Q$7,$T$7*$S$12+$S$18*$W$7,IF(D11=$Q$8,$T$8*$S$12+$S$18*$W$8)))) -> 1474639.1 | I11: =IF(D11=$Q$5,$T$5*$S$12+$S$19*$W$5,IF(D11=$Q$6,$T$6*$S$12+$S$19*$W$6,IF(D11=$Q$7,$T$7*$S$12+$S$19*$W$7,IF(D11=$Q$8,$T$8*$S$12+$S$19*$W$8)))) -> 1533896.6 | J11: =IF(D11=$Q$5,$T$5*$S$12+$S$20*$W$5,IF(D11=$Q$6,$T$6*$S$12+$S$20*$W$6,IF(D11=$Q$7,$T$7*$S$12+$S$20*$W$7,IF(D11=$Q$8,$T$8*$S$12+$S$20*$W$8)))) -> 1595901.2 | K11: =IF(D11=$Q$5,$T$5*$S$12+$S$21*$W$5,IF(D11=$Q$6,$T$6*$S$12+$S$21*$W$6,IF(D11=$Q$7,$T$7*$S$12+$S$21*$W$7,IF(D11=$Q$8,$T$8*$S$12+$S$21*$W$8)))) -> 1660780.1 | L11: =IF(D11=$Q$5,$T$5*$S$12+$S$22*$W$5,IF(D11=$Q$6,$T$6*$S$12+$S$22*$W$6,IF(D11=$Q$7,$T$7*$S$12+$S$22*$W$7,IF(D11=$Q$8,$T$8*$S$12+$S$22*$W$8)))) -> 1728666.5 | M11: =IF(D11=$Q$5,$T$5*$S$12+$S$23*$W$5,IF(D11=$Q$6,$T$6*$S$12+$S$23*$W$6,IF(D11=$Q$7,$T$7*$S$12+$S$23*$W$7,IF(D11=$Q$8,$T$8*$S$12+$S$23*$W$8)))) -> 1799699.9 | N11: =IF(D11=$Q$5,$T$5*$S$12+$S$24*$W$5,IF(D11=$Q$6,$T$6*$S$12+$S$24*$W$6,IF(D11=$Q$7,$T$7*$S$12+$S$24*$W$7,IF(D11=$Q$8,$T$8*$S$12+$S$24*$W$8)))) -> 1874026.2 | O11: =IF(D11=$Q$5,$T$5*$S$12+$S$25*$W$5,IF(D11=$Q$6,$T$6*$S$12+$S$25*$W$6,IF(D11=$Q$7,$T$7*$S$12+$S$25*$W$7,IF(D11=$Q$8,$T$8*$S$12+$S$25*$W$8)))) -> 1951798.1 | Q11: Seguridad | R11: Cantidad/Horas | S11: Valor
B12: Placilla | C12: 1218 | D12: =IF(C12<=$S$5,$Q$5,IF(C12<=$S$6,$Q$6,IF(C12<=$S$7,$Q$7,IF(C12<=$S$8,$Q$8)))) -> Media-Segura | E12: =IF(D12=$Q$5,$T$5*$S$12+$S$13*$W$5,IF(D12=$Q$6,$T$6*$S$12+$S$13*$W$6,IF(D12=$Q$7,$T$7*$S$12+$S$13*$W$7,IF(D12=$Q$8,$T$8*$S$12+$S$13*$W$8)))) -> 1312158.1 | F12: =IF(D12=$Q$5,$T$5*$S$12+$S$16*$W$5,IF(D12=$Q$6,$T$6*$S$12+$S$16*$W$6,IF(D12=$Q$7,$T$7*$S$12+$S$16*$W$7,IF(D12=$Q$8,$T$8*$S$12+$S$16*$W$8)))) -> 1363883.5 | G12: =IF(D12=$Q$5,$T$5*$S$12+$S$17*$W$5,IF(D12=$Q$6,$T$6*$S$12+$S$17*$W$6,IF(D12=$Q$7,$T$7*$S$12+$S$17*$W$7,IF(D12=$Q$8,$T$8*$S$12+$S$17*$W$8)))) -> 1418006.8 | H12: =IF(D12=$Q$5,$T$5*$S$12+$S$18*$W$5,IF(D12=$Q$6,$T$6*$S$12+$S$18*$W$6,IF(D12=$Q$7,$T$7*$S$12+$S$18*$W$7,IF(D12=$Q$8,$T$8*$S$12+$S$18*$W$8)))) -> 1474639.1 | I12: =IF(D12=$Q$5,$T$5*$S$12+$S$19*$W$5,IF(D12=$Q$6,$T$6*$S$12+$S$19*$W$6,IF(D12=$Q$7,$T$7*$S$12+$S$19*$W$7,IF(D12=$Q$8,$T$8*$S$12+$S$19*$W$8)))) -> 1533896.6 | J12: =IF(D12=$Q$5,$T$5*$S$12+$S$20*$W$5,IF(D12=$Q$6,$T$6*$S$12+$S$20*$W$6,IF(D12=$Q$7,$T$7*$S$12+$S$20*$W$7,IF(D12=$Q$8,$T$8*$S$12+$S$20*$W$8)))) -> 1595901.2 | K12: =IF(D12=$Q$5,$T$5*$S$12+$S$21*$W$5,IF(D12=$Q$6,$T$6*$S$12+$S$21*$W$6,IF(D12=$Q$7,$T$7*$S$12+$S$21*$W$7,IF(D12=$Q$8,$T$8*$S$12+$S$21*$W$8)))) -> 1660780.1 | L12: =IF(D12=$Q$5,$T$5*$S$12+$S$22*$W$5,IF(D12=$Q$6,$T$6*$S$12+$S$22*$W$6,IF(D12=$Q$7,$T$7*$S$12+$S$22*$W$7,IF(D12=$Q$8,$T$8*$S$12+$S$22*$W$8)))) -> 1728666.5 | M12: =IF(D12=$Q$5,$T$5*$S$12+$S$23*$W$5,IF(D12=$Q$6,$T$6*$S$12+$S$23*$W$6,IF(D12=$Q$7,$T$7*$S$12+$S$23*$W$7,IF(D12=$Q$8,$T$8*$S$12+$S$23*$W$8)))) -> 1799699.9 | N12: =IF(D12=$Q$5,$T$5*$S$12+$S$24*$W$5,IF(D12=$Q$6,$T$6*$S$12+$S$24*$W$6,IF(D12=$Q$7,$T$7*$S$12+$S$24*$W$7,IF(D12=$Q$8,$T$8*$S$12+$S$24*$W$8)))) -> 1874026.2 | O12: =IF(D12=$Q$5,$T$5*$S$12+$S$25*$W$5,IF(D12=$Q$6,$T$6*$S$12+$S$25*$W$6,IF(D12=$Q$7,$T$7*$S$12+$S$25*$W$7,IF(D12=$Q$8,$T$8*$S$12+$S$25*$W$8)))) -> 1951798.1 | Q12: Camaras | R12: 1 | S12: =82497.5*1.19 -> 98172.025 | U12: https://chilevigila.cl/kit_camaras_de_seguridad_cctv-hd-ahd-ip-hibrido_8CH.html
B13: Plaza Justicia | C13: 9477 | D13: =IF(C13<=$S$5,$Q$5,IF(C13<=$S$6,$Q$6,IF(C13<=$S$7,$Q$7,IF(C13<=$S$8,$Q$8)))) -> Peligrosa | E13: =IF(D13=$Q$5,$T$5*$S$12+$S$13*$W$5,IF(D13=$Q$6,$T$6*$S$12+$S$13*$W$6,IF(D13=$Q$7,$T$7*$S$12+$S$13*$W$7,IF(D13=$Q$8,$T$8*$S$12+$S$13*$W$8)))) -> 5413851.1 | F13: =IF(D13=$Q$5,$T$5*$S$12+$S$16*$W$5,IF(D13=$Q$6,$T$6*$S$12+$S$16*$W$6,IF(D13=$Q$7,$T$7*$S$12+$S$16*$W$7,IF(D13=$Q$8,$T$8*$S$12+$S$16*$W$8)))) -> 5646615.7 | G13: =IF(D13=$Q$5,$T$5*$S$12+$S$17*$W$5,IF(D13=$Q$6,$T$6*$S$12+$S$17*$W$6,IF(D13=$Q$7,$T$7*$S$12+$S$17*$W$7,IF(D13=$Q$8,$T$8*$S$12+$S$17*$W$8)))) -> 5890170.5 | H13: =IF(D13=$Q$5,$T$5*$S$12+$S$18*$W$5,IF(D13=$Q$6,$T$6*$S$12+$S$18*$W$6,IF(D13=$Q$7,$T$7*$S$12+$S$18*$W$7,IF(D13=$Q$8,$T$8*$S$12+$S$18*$W$8)))) -> 6145015.8 | I13: =IF(D13=$Q$5,$T$5*$S$12+$S$19*$W$5,IF(D13=$Q$6,$T$6*$S$12+$S$19*$W$6,IF(D13=$Q$7,$T$7*$S$12+$S$19*$W$7,IF(D13=$Q$8,$T$8*$S$12+$S$19*$W$8)))) -> 6411674.8 | J13: =IF(D13=$Q$5,$T$5*$S$12+$S$20*$W$5,IF(D13=$Q$6,$T$6*$S$12+$S$20*$W$6,IF(D13=$Q$7,$T$7*$S$12+$S$20*$W$7,IF(D13=$Q$8,$T$8*$S$12+$S$20*$W$8)))) -> 6690695.2 | K13: =IF(D13=$Q$5,$T$5*$S$12+$S$21*$W$5,IF(D13=$Q$6,$T$6*$S$12+$S$21*$W$6,IF(D13=$Q$7,$T$7*$S$12+$S$21*$W$7,IF(D13=$Q$8,$T$8*$S$12+$S$21*$W$8)))) -> 6982650.1 | L13: =IF(D13=$Q$5,$T$5*$S$12+$S$22*$W$5,IF(D13=$Q$6,$T$6*$S$12+$S$22*$W$6,IF(D13=$Q$7,$T$7*$S$12+$S$22*$W$7,IF(D13=$Q$8,$T$8*$S$12+$S$22*$W$8)))) -> 7288139.1 | M13: =IF(D13=$Q$5,$T$5*$S$12+$S$23*$W$5,IF(D13=$Q$6,$T$6*$S$12+$S$23*$W$6,IF(D13=$Q$7,$T$7*$S$12+$S$23*$W$7,IF(D13=$Q$8,$T$8*$S$12+$S$23*$W$8)))) -> 7607789.6 | N13: =IF(D13=$Q$5,$T$5*$S$12+$S$24*$W$5,IF(D13=$Q$6,$T$6*$S$12+$S$24*$W$6,IF(D13=$Q$7,$T$7*$S$12+$S$24*$W$7,IF(D13=$Q$8,$T$8*$S$12+$S$24*$W$8)))) -> 7942258 | O13: =IF(D13=$Q$5,$T$5*$S$12+$S$25*$W$5,IF(D13=$Q$6,$T$6*$S$12+$S$25*$W$6,IF(D13=$Q$7,$T$7*$S$12+$S$25*$W$7,IF(D13=$Q$8,$T$8*$S$12+$S$25*$W$8)))) -> 8292231.2 | Q13: Guardias | R13: 8 | S13: =S14*S15 -> 557907 | T13: 557907 | U13: https://cl.indeed.com/career/guardia-de-seguridad-privada/salaries?utm_source=chatgpt.com
B14: Puertas Negras | C14: 747 | D14: =IF(C14<=$S$5,$Q$5,IF(C14<=$S$6,$Q$6,IF(C14<=$S$7,$Q$7,IF(C14<=$S$8,$Q$8)))) -> Segura | E14: =IF(D14=$Q$5,$T$5*$S$12+$S$13*$W$5,IF(D14=$Q$6,$T$6*$S$12+$S$13*$W$6,IF(D14=$Q$7,$T$7*$S$12+$S$13*$W$7,IF(D14=$Q$8,$T$8*$S$12+$S$13*$W$8)))) -> 754251.05 | F14: =IF(D14=$Q$5,$T$5*$S$12+$S$16*$W$5,IF(D14=$Q$6,$T$6*$S$12+$S$16*$W$6,IF(D14=$Q$7,$T$7*$S$12+$S$16*$W$7,IF(D14=$Q$8,$T$8*$S$12+$S$16*$W$8)))) -> 780113.79 | G14: =IF(D14=$Q$5,$T$5*$S$12+$S$17*$W$5,IF(D14=$Q$6,$T$6*$S$12+$S$17*$W$6,IF(D14=$Q$7,$T$7*$S$12+$S$17*$W$7,IF(D14=$Q$8,$T$8*$S$12+$S$17*$W$8)))) -> 807175.43 | H14: =IF(D14=$Q$5,$T$5*$S$12+$S$18*$W$5,IF(D14=$Q$6,$T$6*$S$12+$S$18*$W$6,IF(D14=$Q$7,$T$7*$S$12+$S$18*$W$7,IF(D14=$Q$8,$T$8*$S$12+$S$18*$W$8)))) -> 835491.57 | I14: =IF(D14=$Q$5,$T$5*$S$12+$S$19*$W$5,IF(D14=$Q$6,$T$6*$S$12+$S$19*$W$6,IF(D14=$Q$7,$T$7*$S$12+$S$19*$W$7,IF(D14=$Q$8,$T$8*$S$12+$S$19*$W$8)))) -> 865120.35 | J14: =IF(D14=$Q$5,$T$5*$S$12+$S$20*$W$5,IF(D14=$Q$6,$T$6*$S$12+$S$20*$W$6,IF(D14=$Q$7,$T$7*$S$12+$S$20*$W$7,IF(D14=$Q$8,$T$8*$S$12+$S$20*$W$8)))) -> 896122.62 | K14: =IF(D14=$Q$5,$T$5*$S$12+$S$21*$W$5,IF(D14=$Q$6,$T$6*$S$12+$S$21*$W$6,IF(D14=$Q$7,$T$7*$S$12+$S$21*$W$7,IF(D14=$Q$8,$T$8*$S$12+$S$21*$W$8)))) -> 928562.05 | L14: =IF(D14=$Q$5,$T$5*$S$12+$S$22*$W$5,IF(D14=$Q$6,$T$6*$S$12+$S$22*$W$6,IF(D14=$Q$7,$T$7*$S$12+$S$22*$W$7,IF(D14=$Q$8,$T$8*$S$12+$S$22*$W$8)))) -> 962505.27 | M14: =IF(D14=$Q$5,$T$5*$S$12+$S$23*$W$5,IF(D14=$Q$6,$T$6*$S$12+$S$23*$W$6,IF(D14=$Q$7,$T$7*$S$12+$S$23*$W$7,IF(D14=$Q$8,$T$8*$S$12+$S$23*$W$8)))) -> 998021.99 | N14: =IF(D14=$Q$5,$T$5*$S$12+$S$24*$W$5,IF(D14=$Q$6,$T$6*$S$12+$S$24*$W$6,IF(D14=$Q$7,$T$7*$S$12+$S$24*$W$7,IF(D14=$Q$8,$T$8*$S$12+$S$24*$W$8)))) -> 1035185.1 | O14: =IF(D14=$Q$5,$T$5*$S$12+$S$25*$W$5,IF(D14=$Q$6,$T$6*$S$12+$S$25*$W$6,IF(D14=$Q$7,$T$7*$S$12+$S$25*$W$7,IF(D14=$Q$8,$T$8*$S$12+$S$25*$W$8)))) -> 1074071.1 | R14: Valor UF | S14: ='Valor UF'!C12 -> 39643.59
B15: Quebrada Verde | C15: 3116 | D15: =IF(C15<=$S$5,$Q$5,IF(C15<=$S$6,$Q$6,IF(C15<=$S$7,$Q$7,IF(C15<=$S$8,$Q$8)))) -> Peligrosa | E15: =IF(D15=$Q$5,$T$5*$S$12+$S$13*$W$5,IF(D15=$Q$6,$T$6*$S$12+$S$13*$W$6,IF(D15=$Q$7,$T$7*$S$12+$S$13*$W$7,IF(D15=$Q$8,$T$8*$S$12+$S$13*$W$8)))) -> 5413851.1 | F15: =IF(D15=$Q$5,$T$5*$S$12+$S$16*$W$5,IF(D15=$Q$6,$T$6*$S$12+$S$16*$W$6,IF(D15=$Q$7,$T$7*$S$12+$S$16*$W$7,IF(D15=$Q$8,$T$8*$S$12+$S$16*$W$8)))) -> 5646615.7 | G15: =IF(D15=$Q$5,$T$5*$S$12+$S$17*$W$5,IF(D15=$Q$6,$T$6*$S$12+$S$17*$W$6,IF(D15=$Q$7,$T$7*$S$12+$S$17*$W$7,IF(D15=$Q$8,$T$8*$S$12+$S$17*$W$8)))) -> 5890170.5 | H15: =IF(D15=$Q$5,$T$5*$S$12+$S$18*$W$5,IF(D15=$Q$6,$T$6*$S$12+$S$18*$W$6,IF(D15=$Q$7,$T$7*$S$12+$S$18*$W$7,IF(D15=$Q$8,$T$8*$S$12+$S$18*$W$8)))) -> 6145015.8 | I15: =IF(D15=$Q$5,$T$5*$S$12+$S$19*$W$5,IF(D15=$Q$6,$T$6*$S$12+$S$19*$W$6,IF(D15=$Q$7,$T$7*$S$12+$S$19*$W$7,IF(D15=$Q$8,$T$8*$S$12+$S$19*$W$8)))) -> 6411674.8 | J15: =IF(D15=$Q$5,$T$5*$S$12+$S$20*$W$5,IF(D15=$Q$6,$T$6*$S$12+$S$20*$W$6,IF(D15=$Q$7,$T$7*$S$12+$S$20*$W$7,IF(D15=$Q$8,$T$8*$S$12+$S$20*$W$8)))) -> 6690695.2 | K15: =IF(D15=$Q$5,$T$5*$S$12+$S$21*$W$5,IF(D15=$Q$6,$T$6*$S$12+$S$21*$W$6,IF(D15=$Q$7,$T$7*$S$12+$S$21*$W$7,IF(D15=$Q$8,$T$8*$S$12+$S$21*$W$8)))) -> 6982650.1 | L15: =IF(D15=$Q$5,$T$5*$S$12+$S$22*$W$5,IF(D15=$Q$6,$T$6*$S$12+$S$22*$W$6,IF(D15=$Q$7,$T$7*$S$12+$S$22*$W$7,IF(D15=$Q$8,$T$8*$S$12+$S$22*$W$8)))) -> 7288139.1 | M15: =IF(D15=$Q$5,$T$5*$S$12+$S$23*$W$5,IF(D15=$Q$6,$T$6*$S$12+$S$23*$W$6,IF(D15=$Q$7,$T$7*$S$12+$S$23*$W$7,IF(D15=$Q$8,$T$8*$S$12+$S$23*$W$8)))) -> 7607789.6 | N15: =IF(D15=$Q$5,$T$5*$S$12+$S$24*$W$5,IF(D15=$Q$6,$T$6*$S$12+$S$24*$W$6,IF(D15=$Q$7,$T$7*$S$12+$S$24*$W$7,IF(D15=$Q$8,$T$8*$S$12+$S$24*$W$8)))) -> 7942258 | O15: =IF(D15=$Q$5,$T$5*$S$12+$S$25*$W$5,IF(D15=$Q$6,$T$6*$S$12+$S$25*$W$6,IF(D15=$Q$7,$T$7*$S$12+$S$25*$W$7,IF(D15=$Q$8,$T$8*$S$12+$S$25*$W$8)))) -> 8292231.2 | R15: Calculo UF | S15: =T13/S14 -> 14.07307
B16: Reina Isabel 2 | C16: 2814 | D16: =IF(C16<=$S$5,$Q$5,IF(C16<=$S$6,$Q$6,IF(C16<=$S$7,$Q$7,IF(C16<=$S$8,$Q$8)))) -> Media-Peligrosa | E16: =IF(D16=$Q$5,$T$5*$S$12+$S$13*$W$5,IF(D16=$Q$6,$T$6*$S$12+$S$13*$W$6,IF(D16=$Q$7,$T$7*$S$12+$S$13*$W$7,IF(D16=$Q$8,$T$8*$S$12+$S$13*$W$8)))) -> 3740130.1 | F16: =IF(D16=$Q$5,$T$5*$S$12+$S$16*$W$5,IF(D16=$Q$6,$T$6*$S$12+$S$16*$W$6,IF(D16=$Q$7,$T$7*$S$12+$S$16*$W$7,IF(D16=$Q$8,$T$8*$S$12+$S$16*$W$8)))) -> 3895306.5 | G16: =IF(D16=$Q$5,$T$5*$S$12+$S$17*$W$5,IF(D16=$Q$6,$T$6*$S$12+$S$17*$W$6,IF(D16=$Q$7,$T$7*$S$12+$S$17*$W$7,IF(D16=$Q$8,$T$8*$S$12+$S$17*$W$8)))) -> 4057676.4 | H16: =IF(D16=$Q$5,$T$5*$S$12+$S$18*$W$5,IF(D16=$Q$6,$T$6*$S$12+$S$18*$W$6,IF(D16=$Q$7,$T$7*$S$12+$S$18*$W$7,IF(D16=$Q$8,$T$8*$S$12+$S$18*$W$8)))) -> 4227573.2 | I16: =IF(D16=$Q$5,$T$5*$S$12+$S$19*$W$5,IF(D16=$Q$6,$T$6*$S$12+$S$19*$W$6,IF(D16=$Q$7,$T$7*$S$12+$S$19*$W$7,IF(D16=$Q$8,$T$8*$S$12+$S$19*$W$8)))) -> 4405345.9 | J16: =IF(D16=$Q$5,$T$5*$S$12+$S$20*$W$5,IF(D16=$Q$6,$T$6*$S$12+$S$20*$W$6,IF(D16=$Q$7,$T$7*$S$12+$S$20*$W$7,IF(D16=$Q$8,$T$8*$S$12+$S$20*$W$8)))) -> 4591359.5 | K16: =IF(D16=$Q$5,$T$5*$S$12+$S$21*$W$5,IF(D16=$Q$6,$T$6*$S$12+$S$21*$W$6,IF(D16=$Q$7,$T$7*$S$12+$S$21*$W$7,IF(D16=$Q$8,$T$8*$S$12+$S$21*$W$8)))) -> 4785996.1 | L16: =IF(D16=$Q$5,$T$5*$S$12+$S$22*$W$5,IF(D16=$Q$6,$T$6*$S$12+$S$22*$W$6,IF(D16=$Q$7,$T$7*$S$12+$S$22*$W$7,IF(D16=$Q$8,$T$8*$S$12+$S$22*$W$8)))) -> 4989655.4 | M16: =IF(D16=$Q$5,$T$5*$S$12+$S$23*$W$5,IF(D16=$Q$6,$T$6*$S$12+$S$23*$W$6,IF(D16=$Q$7,$T$7*$S$12+$S$23*$W$7,IF(D16=$Q$8,$T$8*$S$12+$S$23*$W$8)))) -> 5202755.7 | N16: =IF(D16=$Q$5,$T$5*$S$12+$S$24*$W$5,IF(D16=$Q$6,$T$6*$S$12+$S$24*$W$6,IF(D16=$Q$7,$T$7*$S$12+$S$24*$W$7,IF(D16=$Q$8,$T$8*$S$12+$S$24*$W$8)))) -> 5425734.7 | O16: =IF(D16=$Q$5,$T$5*$S$12+$S$25*$W$5,IF(D16=$Q$6,$T$6*$S$12+$S$25*$W$6,IF(D16=$Q$7,$T$7*$S$12+$S$25*$W$7,IF(D16=$Q$8,$T$8*$S$12+$S$25*$W$8)))) -> 5659050.2 | Q16: Guardia | R16: año 1 | S16: =S15*'Valor UF'!C9 -> 583769.74
B17: Rodelillo | C17: 2256 | D17: =IF(C17<=$S$5,$Q$5,IF(C17<=$S$6,$Q$6,IF(C17<=$S$7,$Q$7,IF(C17<=$S$8,$Q$8)))) -> Media-Peligrosa | E17: =IF(D17=$Q$5,$T$5*$S$12+$S$13*$W$5,IF(D17=$Q$6,$T$6*$S$12+$S$13*$W$6,IF(D17=$Q$7,$T$7*$S$12+$S$13*$W$7,IF(D17=$Q$8,$T$8*$S$12+$S$13*$W$8)))) -> 3740130.1 | F17: =IF(D17=$Q$5,$T$5*$S$12+$S$16*$W$5,IF(D17=$Q$6,$T$6*$S$12+$S$16*$W$6,IF(D17=$Q$7,$T$7*$S$12+$S$16*$W$7,IF(D17=$Q$8,$T$8*$S$12+$S$16*$W$8)))) -> 3895306.5 | G17: =IF(D17=$Q$5,$T$5*$S$12+$S$17*$W$5,IF(D17=$Q$6,$T$6*$S$12+$S$17*$W$6,IF(D17=$Q$7,$T$7*$S$12+$S$17*$W$7,IF(D17=$Q$8,$T$8*$S$12+$S$17*$W$8)))) -> 4057676.4 | H17: =IF(D17=$Q$5,$T$5*$S$12+$S$18*$W$5,IF(D17=$Q$6,$T$6*$S$12+$S$18*$W$6,IF(D17=$Q$7,$T$7*$S$12+$S$18*$W$7,IF(D17=$Q$8,$T$8*$S$12+$S$18*$W$8)))) -> 4227573.2 | I17: =IF(D17=$Q$5,$T$5*$S$12+$S$19*$W$5,IF(D17=$Q$6,$T$6*$S$12+$S$19*$W$6,IF(D17=$Q$7,$T$7*$S$12+$S$19*$W$7,IF(D17=$Q$8,$T$8*$S$12+$S$19*$W$8)))) -> 4405345.9 | J17: =IF(D17=$Q$5,$T$5*$S$12+$S$20*$W$5,IF(D17=$Q$6,$T$6*$S$12+$S$20*$W$6,IF(D17=$Q$7,$T$7*$S$12+$S$20*$W$7,IF(D17=$Q$8,$T$8*$S$12+$S$20*$W$8)))) -> 4591359.5 | K17: =IF(D17=$Q$5,$T$5*$S$12+$S$21*$W$5,IF(D17=$Q$6,$T$6*$S$12+$S$21*$W$6,IF(D17=$Q$7,$T$7*$S$12+$S$21*$W$7,IF(D17=$Q$8,$T$8*$S$12+$S$21*$W$8)))) -> 4785996.1 | L17: =IF(D17=$Q$5,$T$5*$S$12+$S$22*$W$5,IF(D17=$Q$6,$T$6*$S$12+$S$22*$W$6,IF(D17=$Q$7,$T$7*$S$12+$S$22*$W$7,IF(D17=$Q$8,$T$8*$S$12+$S$22*$W$8)))) -> 4989655.4 | M17: =IF(D17=$Q$5,$T$5*$S$12+$S$23*$W$5,IF(D17=$Q$6,$T$6*$S$12+$S$23*$W$6,IF(D17=$Q$7,$T$7*$S$12+$S$23*$W$7,IF(D17=$Q$8,$T$8*$S$12+$S$23*$W$8)))) -> 5202755.7 | N17: =IF(D17=$Q$5,$T$5*$S$12+$S$24*$W$5,IF(D17=$Q$6,$T$6*$S$12+$S$24*$W$6,IF(D17=$Q$7,$T$7*$S$12+$S$24*$W$7,IF(D17=$Q$8,$T$8*$S$12+$S$24*$W$8)))) -> 5425734.7 | O17: =IF(D17=$Q$5,$T$5*$S$12+$S$25*$W$5,IF(D17=$Q$6,$T$6*$S$12+$S$25*$W$6,IF(D17=$Q$7,$T$7*$S$12+$S$25*$W$7,IF(D17=$Q$8,$T$8*$S$12+$S$25*$W$8)))) -> 5659050.2 | R17: año 2 | S17: =S15*'Valor UF'!D9 -> 610831.38
R18: año 3 | S18: =S15*'Valor UF'!E9 -> 639147.52
R19: año 4 | S19: =S15*'Valor UF'!F9 -> 668776.3
R20: año 5 | S20: =S15*'Valor UF'!G9 -> 699778.57
R21: año 6 | S21: =S15*'Valor UF'!H9 -> 732218
R22: año 7 | S22: =S15*'Valor UF'!I9 -> 766161.22
R23: año 8 | S23: =S15*'Valor UF'!J9 -> 801677.94
R24: año 9 | S24: =S15*'Valor UF'!K9 -> 838841.1
R25: año 10 | S25: =S15*'Valor UF'!L9 -> 877727.01
